{"sentences":[{"text":{"content":"Arsene Wenger denies Paris St Germain contract offer.","beginOffset":0},"sentiment":{"magnitude":0.4,"score":-0.4}},{"text":{"content":"Arsene Wenger has denied that he has been offered a contract by Ligue 1 champions Paris St Germain.","beginOffset":57},"sentiment":{"magnitude":0.2,"score":-0.2}},{"text":{"content":"Wenger has kept the footballing world guessing if he will sign a new contract with Arsenal but revealed after Saturday's 3-1 defeat at West Brom that he has made up his mind.","beginOffset":158},"sentiment":{"magnitude":0.2,"score":0.2}},{"text":{"content":"That loss at the Hawthorns was Arsenal's fourth in their last five Premier League games and they now sit sixth in the table.","beginOffset":334},"sentiment":{"magnitude":0.3,"score":0.3}},{"text":{"content":"Wenger has increasingly split the Arsenal fan-base with two protests organised before recent matches and two planes flown over the West Brom game carrying conflicting messages – one of support and one against any new deal being signed.","beginOffset":460},"sentiment":{"magnitude":0.4,"score":-0.4}},{"text":{"content":"The Frenchman has previously said if he is to end his two-decade association with Arsenal he intends to manage elsewhere, with PSG the logical move given their wealth and the stuttering form under current coach Unai Emery.","beginOffset":699},"sentiment":{"magnitude":0.1,"score":-0.1}},{"text":{"content":"But 67-year-old Wenger insists he has not already been approached by the Parisians, who were in Arsenal's Champions League group this season.","beginOffset":923},"sentiment":{"magnitude":0,"score":0}}],"tokens":[{"text":{"content":"Arsene","beginOffset":0},"partOfSpeech":{"tag":"NOUN","aspect":"ASPECT_UNKNOWN","case":"CASE_UNKNOWN","form":"FORM_UNKNOWN","gender":"GENDER_UNKNOWN","mood":"MOOD_UNKNOWN","number":"SINGULAR","person":"PERSON_UNKNOWN","proper":"PROPER","reciprocity":"RECIPROCITY_UNKNOWN","tense":"TENSE_UNKNOWN","voice":"VOICE_UNKNOWN"},"dependencyEdge":{"headTokenIndex":1,"label":"NN"},"lemma":"Arsene"},{"text":{"content":"Wenger","beginOffset":7},"partOfSpeech":{"tag":"NOUN","aspect":"ASPECT_UNKNOWN","case":"CASE_UNKNOWN","form":"FORM_UNKNOWN","gender":"GENDER_UNKNOWN","mood":"MOOD_UNKNOWN","number":"SINGULAR","person":"PERSON_UNKNOWN","proper":"PROPER","reciprocity":"RECIPROCITY_UNKNOWN","tense":"TENSE_UNKNOWN","voice":"VOICE_UNKNOWN"},"dependencyEdge":{"headTokenIndex":2,"label":"NSUBJ"},"lemma":"Wenger"},{"text":{"content":"denies","beginOffset":14},"partOfSpeech":{"tag":"VERB","aspect":"ASPECT_UNKNOWN","case":"CASE_UNKNOWN","form":"FORM_UNKNOWN","gender":"GENDER_UNKNOWN","mood":"INDICATIVE","number":"SINGULAR","person":"THIRD","proper":"PROPER_UNKNOWN","reciprocity":"RECIPROCITY_UNKNOWN","tense":"PRESENT","voice":"VOICE_UNKNOWN"},"dependencyEdge":{"headTokenIndex":2,"label":"ROOT"},"lemma":"deny"},{"text":{"content":"Paris","beginOffset":21},"partOfSpeech":{"tag":"NOUN","aspect":"ASPECT_UNKNOWN","case":"CASE_UNKNOWN","form":"FORM_UNKNOWN","gender":"GENDER_UNKNOWN","mood":"MOOD_UNKNOWN","number":"SINGULAR","person":"PERSON_UNKNOWN","proper":"PROPER","reciprocity":"RECIPROCITY_UNKNOWN","tense":"TENSE_UNKNOWN","voice":"VOICE_UNKNOWN"},"dependencyEdge":{"headTokenIndex":5,"label":"NN"},"lemma":"Paris"},{"text":{"content":"St","beginOffset":27},"partOfSpeech":{"tag":"NOUN","aspect":"ASPECT_UNKNOWN","case":"CASE_UNKNOWN","form":"FORM_UNKNOWN","gender":"GENDER_UNKNOWN","mood":"MOOD_UNKNOWN","number":"SINGULAR","person":"PERSON_UNKNOWN","proper":"PROPER","reciprocity":"RECIPROCITY_UNKNOWN","tense":"TENSE_UNKNOWN","voice":"VOICE_UNKNOWN"},"dependencyEdge":{"headTokenIndex":5,"label":"NN"},"lemma":"St"},{"text":{"content":"Germain","beginOffset":30},"partOfSpeech":{"tag":"NOUN","aspect":"ASPECT_UNKNOWN","case":"CASE_UNKNOWN","form":"FORM_UNKNOWN","gender":"GENDER_UNKNOWN","mood":"MOOD_UNKNOWN","number":"SINGULAR","person":"PERSON_UNKNOWN","proper":"PROPER","reciprocity":"RECIPROCITY_UNKNOWN","tense":"TENSE_UNKNOWN","voice":"VOICE_UNKNOWN"},"dependencyEdge":{"headTokenIndex":7,"label":"NN"},"lemma":"Germain"},{"text":{"content":"contract","beginOffset":38},"partOfSpeech":{"tag":"NOUN","aspect":"ASPECT_UNKNOWN","case":"CASE_UNKNOWN","form":"FORM_UNKNOWN","gender":"GENDER_UNKNOWN","mood":"MOOD_UNKNOWN","number":"SINGULAR","person":"PERSON_UNKNOWN","proper":"PROPER_UNKNOWN","reciprocity":"RECIPROCITY_UNKNOWN","tense":"TENSE_UNKNOWN","voice":"VOICE_UNKNOWN"},"dependencyEdge":{"headTokenIndex":7,"label":"NN"},"lemma":"contract"},{"text":{"content":"offer","beginOffset":47},"partOfSpeech":{"tag":"NOUN","aspect":"ASPECT_UNKNOWN","case":"CASE_UNKNOWN","form":"FORM_UNKNOWN","gender":"GENDER_UNKNOWN","mood":"MOOD_UNKNOWN","number":"SINGULAR","person":"PERSON_UNKNOWN","proper":"PROPER_UNKNOWN","reciprocity":"RECIPROCITY_UNKNOWN","tense":"TENSE_UNKNOWN","voice":"VOICE_UNKNOWN"},"dependencyEdge":{"headTokenIndex":2,"label":"DOBJ"},"lemma":"offer"},{"text":{"content":".","beginOffset":52},"partOfSpeech":{"tag":"PUNCT","aspect":"ASPECT_UNKNOWN","case":"CASE_UNKNOWN","form":"FORM_UNKNOWN","gender":"GENDER_UNKNOWN","mood":"MOOD_UNKNOWN","number":"NUMBER_UNKNOWN","person":"PERSON_UNKNOWN","proper":"PROPER_UNKNOWN","reciprocity":"RECIPROCITY_UNKNOWN","tense":"TENSE_UNKNOWN","voice":"VOICE_UNKNOWN"},"dependencyEdge":{"headTokenIndex":2,"label":"P"},"lemma":"."},{"text":{"content":"Arsene","beginOffset":57},"partOfSpeech":{"tag":"NOUN","aspect":"ASPECT_UNKNOWN","case":"CASE_UNKNOWN","form":"FORM_UNKNOWN","gender":"GENDER_UNKNOWN","mood":"MOOD_UNKNOWN","number":"SINGULAR","person":"PERSON_UNKNOWN","proper":"PROPER","reciprocity":"RECIPROCITY_UNKNOWN","tense":"TENSE_UNKNOWN","voice":"VOICE_UNKNOWN"},"dependencyEdge":{"headTokenIndex":10,"label":"NN"},"lemma":"Arsene"},{"text":{"content":"Wenger","beginOffset":64},"partOfSpeech":{"tag":"NOUN","aspect":"ASPECT_UNKNOWN","case":"CASE_UNKNOWN","form":"FORM_UNKNOWN","gender":"GENDER_UNKNOWN","mood":"MOOD_UNKNOWN","number":"SINGULAR","person":"PERSON_UNKNOWN","proper":"PROPER","reciprocity":"RECIPROCITY_UNKNOWN","tense":"TENSE_UNKNOWN","voice":"VOICE_UNKNOWN"},"dependencyEdge":{"headTokenIndex":12,"label":"NSUBJ"},"lemma":"Wenger"},{"text":{"content":"has","beginOffset":71},"partOfSpeech":{"tag":"VERB","aspect":"ASPECT_UNKNOWN","case":"CASE_UNKNOWN","form":"FORM_UNKNOWN","gender":"GENDER_UNKNOWN","mood":"INDICATIVE","number":"SINGULAR","person":"THIRD","proper":"PROPER_UNKNOWN","reciprocity":"RECIPROCITY_UNKNOWN","tense":"PRESENT","voice":"VOICE_UNKNOWN"},"dependencyEdge":{"headTokenIndex":12,"label":"AUX"},"lemma":"have"},{"text":{"content":"denied","beginOffset":75},"partOfSpeech":{"tag":"VERB","aspect":"ASPECT_UNKNOWN","case":"CASE_UNKNOWN","form":"FORM_UNKNOWN","gender":"GENDER_UNKNOWN","mood":"MOOD_UNKNOWN","number":"NUMBER_UNKNOWN","person":"PERSON_UNKNOWN","proper":"PROPER_UNKNOWN","reciprocity":"RECIPROCITY_UNKNOWN","tense":"PAST","voice":"VOICE_UNKNOWN"},"dependencyEdge":{"headTokenIndex":12,"label":"ROOT"},"lemma":"deny"},{"text":{"content":"that","beginOffset":82},"partOfSpeech":{"tag":"ADP","aspect":"ASPECT_UNKNOWN","case":"CASE_UNKNOWN","form":"FORM_UNKNOWN","gender":"GENDER_UNKNOWN","mood":"MOOD_UNKNOWN","number":"NUMBER_UNKNOWN","person":"PERSON_UNKNOWN","proper":"PROPER_UNKNOWN","reciprocity":"RECIPROCITY_UNKNOWN","tense":"TENSE_UNKNOWN","voice":"VOICE_UNKNOWN"},"dependencyEdge":{"headTokenIndex":17,"label":"MARK"},"lemma":"that"},{"text":{"content":"he","beginOffset":87},"partOfSpeech":{"tag":"PRON","aspect":"ASPECT_UNKNOWN","case":"NOMINATIVE","form":"FORM_UNKNOWN","gender":"MASCULINE","mood":"MOOD_UNKNOWN","number":"SINGULAR","person":"THIRD","proper":"PROPER_UNKNOWN","reciprocity":"RECIPROCITY_UNKNOWN","tense":"TENSE_UNKNOWN","voice":"VOICE_UNKNOWN"},"dependencyEdge":{"headTokenIndex":17,"label":"NSUBJ"},"lemma":"he"},{"text":{"content":"has","beginOffset":90},"partOfSpeech":{"tag":"VERB","aspect":"ASPECT_UNKNOWN","case":"CASE_UNKNOWN","form":"FORM_UNKNOWN","gender":"GENDER_UNKNOWN","mood":"INDICATIVE","number":"SINGULAR","person":"THIRD","proper":"PROPER_UNKNOWN","reciprocity":"RECIPROCITY_UNKNOWN","tense":"PRESENT","voice":"VOICE_UNKNOWN"},"dependencyEdge":{"headTokenIndex":17,"label":"AUX"},"lemma":"have"},{"text":{"content":"been","beginOffset":94},"partOfSpeech":{"tag":"VERB","aspect":"ASPECT_UNKNOWN","case":"CASE_UNKNOWN","form":"FORM_UNKNOWN","gender":"GENDER_UNKNOWN","mood":"MOOD_UNKNOWN","number":"NUMBER_UNKNOWN","person":"PERSON_UNKNOWN","proper":"PROPER_UNKNOWN","reciprocity":"RECIPROCITY_UNKNOWN","tense":"PAST","voice":"VOICE_UNKNOWN"},"dependencyEdge":{"headTokenIndex":17,"label":"AUXPASS"},"lemma":"be"},{"text":{"content":"offered","beginOffset":99},"partOfSpeech":{"tag":"VERB","aspect":"ASPECT_UNKNOWN","case":"CASE_UNKNOWN","form":"FORM_UNKNOWN","gender":"GENDER_UNKNOWN","mood":"MOOD_UNKNOWN","number":"NUMBER_UNKNOWN","person":"PERSON_UNKNOWN","proper":"PROPER_UNKNOWN","reciprocity":"RECIPROCITY_UNKNOWN","tense":"PAST","voice":"PASSIVE"},"dependencyEdge":{"headTokenIndex":12,"label":"CCOMP"},"lemma":"offer"},{"text":{"content":"a","beginOffset":107},"partOfSpeech":{"tag":"DET","aspect":"ASPECT_UNKNOWN","case":"CASE_UNKNOWN","form":"FORM_UNKNOWN","gender":"GENDER_UNKNOWN","mood":"MOOD_UNKNOWN","number":"NUMBER_UNKNOWN","person":"PERSON_UNKNOWN","proper":"PROPER_UNKNOWN","reciprocity":"RECIPROCITY_UNKNOWN","tense":"TENSE_UNKNOWN","voice":"VOICE_UNKNOWN"},"dependencyEdge":{"headTokenIndex":19,"label":"DET"},"lemma":"a"},{"text":{"content":"contract","beginOffset":109},"partOfSpeech":{"tag":"NOUN","aspect":"ASPECT_UNKNOWN","case":"CASE_UNKNOWN","form":"FORM_UNKNOWN","gender":"GENDER_UNKNOWN","mood":"MOOD_UNKNOWN","number":"SINGULAR","person":"PERSON_UNKNOWN","proper":"PROPER_UNKNOWN","reciprocity":"RECIPROCITY_UNKNOWN","tense":"TENSE_UNKNOWN","voice":"VOICE_UNKNOWN"},"dependencyEdge":{"headTokenIndex":17,"label":"DOBJ"},"lemma":"contract"},{"text":{"content":"by","beginOffset":118},"partOfSpeech":{"tag":"ADP","aspect":"ASPECT_UNKNOWN","case":"CASE_UNKNOWN","form":"FORM_UNKNOWN","gender":"GENDER_UNKNOWN","mood":"MOOD_UNKNOWN","number":"NUMBER_UNKNOWN","person":"PERSON_UNKNOWN","proper":"PROPER_UNKNOWN","reciprocity":"RECIPROCITY_UNKNOWN","tense":"TENSE_UNKNOWN","voice":"VOICE_UNKNOWN"},"dependencyEdge":{"headTokenIndex":17,"label":"PREP"},"lemma":"by"},{"text":{"content":"Ligue","beginOffset":121},"partOfSpeech":{"tag":"NOUN","aspect":"ASPECT_UNKNOWN","case":"CASE_UNKNOWN","form":"FORM_UNKNOWN","gender":"GENDER_UNKNOWN","mood":"MOOD_UNKNOWN","number":"SINGULAR","person":"PERSON_UNKNOWN","proper":"PROPER","reciprocity":"RECIPROCITY_UNKNOWN","tense":"TENSE_UNKNOWN","voice":"VOICE_UNKNOWN"},"dependencyEdge":{"headTokenIndex":23,"label":"NN"},"lemma":"Ligue"},{"text":{"content":"1","beginOffset":127},"partOfSpeech":{"tag":"NUM","aspect":"ASPECT_UNKNOWN","case":"CASE_UNKNOWN","form":"FORM_UNKNOWN","gender":"GENDER_UNKNOWN","mood":"MOOD_UNKNOWN","number":"NUMBER_UNKNOWN","person":"PERSON_UNKNOWN","proper":"PROPER_UNKNOWN","reciprocity":"RECIPROCITY_UNKNOWN","tense":"TENSE_UNKNOWN","voice":"VOICE_UNKNOWN"},"dependencyEdge":{"headTokenIndex":21,"label":"NUM"},"lemma":"1"},{"text":{"content":"champions","beginOffset":129},"partOfSpeech":{"tag":"NOUN","aspect":"ASPECT_UNKNOWN","case":"CASE_UNKNOWN","form":"FORM_UNKNOWN","gender":"GENDER_UNKNOWN","mood":"MOOD_UNKNOWN","number":"PLURAL","person":"PERSON_UNKNOWN","proper":"PROPER_UNKNOWN","reciprocity":"RECIPROCITY_UNKNOWN","tense":"TENSE_UNKNOWN","voice":"VOICE_UNKNOWN"},"dependencyEdge":{"headTokenIndex":20,"label":"POBJ"},"lemma":"champion"},{"text":{"content":"Paris","beginOffset":139},"partOfSpeech":{"tag":"NOUN","aspect":"ASPECT_UNKNOWN","case":"CASE_UNKNOWN","form":"FORM_UNKNOWN","gender":"GENDER_UNKNOWN","mood":"MOOD_UNKNOWN","number":"SINGULAR","person":"PERSON_UNKNOWN","proper":"PROPER","reciprocity":"RECIPROCITY_UNKNOWN","tense":"TENSE_UNKNOWN","voice":"VOICE_UNKNOWN"},"dependencyEdge":{"headTokenIndex":26,"label":"NN"},"lemma":"Paris"},{"text":{"content":"St","beginOffset":145},"partOfSpeech":{"tag":"NOUN","aspect":"ASPECT_UNKNOWN","case":"CASE_UNKNOWN","form":"FORM_UNKNOWN","gender":"GENDER_UNKNOWN","mood":"MOOD_UNKNOWN","number":"SINGULAR","person":"PERSON_UNKNOWN","proper":"PROPER","reciprocity":"RECIPROCITY_UNKNOWN","tense":"TENSE_UNKNOWN","voice":"VOICE_UNKNOWN"},"dependencyEdge":{"headTokenIndex":26,"label":"NN"},"lemma":"St"},{"text":{"content":"Germain","beginOffset":148},"partOfSpeech":{"tag":"NOUN","aspect":"ASPECT_UNKNOWN","case":"CASE_UNKNOWN","form":"FORM_UNKNOWN","gender":"GENDER_UNKNOWN","mood":"MOOD_UNKNOWN","number":"SINGULAR","person":"PERSON_UNKNOWN","proper":"PROPER","reciprocity":"RECIPROCITY_UNKNOWN","tense":"TENSE_UNKNOWN","voice":"VOICE_UNKNOWN"},"dependencyEdge":{"headTokenIndex":23,"label":"APPOS"},"lemma":"Germain"},{"text":{"content":".","beginOffset":155},"partOfSpeech":{"tag":"PUNCT","aspect":"ASPECT_UNKNOWN","case":"CASE_UNKNOWN","form":"FORM_UNKNOWN","gender":"GENDER_UNKNOWN","mood":"MOOD_UNKNOWN","number":"NUMBER_UNKNOWN","person":"PERSON_UNKNOWN","proper":"PROPER_UNKNOWN","reciprocity":"RECIPROCITY_UNKNOWN","tense":"TENSE_UNKNOWN","voice":"VOICE_UNKNOWN"},"dependencyEdge":{"headTokenIndex":12,"label":"P"},"lemma":"."},{"text":{"content":"Wenger","beginOffset":158},"partOfSpeech":{"tag":"NOUN","aspect":"ASPECT_UNKNOWN","case":"CASE_UNKNOWN","form":"FORM_UNKNOWN","gender":"GENDER_UNKNOWN","mood":"MOOD_UNKNOWN","number":"SINGULAR","person":"PERSON_UNKNOWN","proper":"PROPER","reciprocity":"RECIPROCITY_UNKNOWN","tense":"TENSE_UNKNOWN","voice":"VOICE_UNKNOWN"},"dependencyEdge":{"headTokenIndex":30,"label":"NSUBJ"},"lemma":"Wenger"},{"text":{"content":"has","beginOffset":165},"partOfSpeech":{"tag":"VERB","aspect":"ASPECT_UNKNOWN","case":"CASE_UNKNOWN","form":"FORM_UNKNOWN","gender":"GENDER_UNKNOWN","mood":"INDICATIVE","number":"SINGULAR","person":"THIRD","proper":"PROPER_UNKNOWN","reciprocity":"RECIPROCITY_UNKNOWN","tense":"PRESENT","voice":"VOICE_UNKNOWN"},"dependencyEdge":{"headTokenIndex":30,"label":"AUX"},"lemma":"have"},{"text":{"content":"kept","beginOffset":169},"partOfSpeech":{"tag":"VERB","aspect":"ASPECT_UNKNOWN","case":"CASE_UNKNOWN","form":"FORM_UNKNOWN","gender":"GENDER_UNKNOWN","mood":"MOOD_UNKNOWN","number":"NUMBER_UNKNOWN","person":"PERSON_UNKNOWN","proper":"PROPER_UNKNOWN","reciprocity":"RECIPROCITY_UNKNOWN","tense":"PAST","voice":"VOICE_UNKNOWN"},"dependencyEdge":{"headTokenIndex":30,"label":"ROOT"},"lemma":"keep"},{"text":{"content":"the","beginOffset":174},"partOfSpeech":{"tag":"DET","aspect":"ASPECT_UNKNOWN","case":"CASE_UNKNOWN","form":"FORM_UNKNOWN","gender":"GENDER_UNKNOWN","mood":"MOOD_UNKNOWN","number":"NUMBER_UNKNOWN","person":"PERSON_UNKNOWN","proper":"PROPER_UNKNOWN","reciprocity":"RECIPROCITY_UNKNOWN","tense":"TENSE_UNKNOWN","voice":"VOICE_UNKNOWN"},"dependencyEdge":{"headTokenIndex":33,"label":"DET"},"lemma":"the"},{"text":{"content":"footballing","beginOffset":178},"partOfSpeech":{"tag":"ADJ","aspect":"ASPECT_UNKNOWN","case":"CASE_UNKNOWN","form":"FORM_UNKNOWN","gender":"GENDER_UNKNOWN","mood":"MOOD_UNKNOWN","number":"SINGULAR","person":"PERSON_UNKNOWN","proper":"PROPER_UNKNOWN","reciprocity":"RECIPROCITY_UNKNOWN","tense":"TENSE_UNKNOWN","voice":"VOICE_UNKNOWN"},"dependencyEdge":{"headTokenIndex":33,"label":"AMOD"},"lemma":"footballing"},{"text":{"content":"world","beginOffset":190},"partOfSpeech":{"tag":"NOUN","aspect":"ASPECT_UNKNOWN","case":"CASE_UNKNOWN","form":"FORM_UNKNOWN","gender":"GENDER_UNKNOWN","mood":"MOOD_UNKNOWN","number":"SINGULAR","person":"PERSON_UNKNOWN","proper":"PROPER_UNKNOWN","reciprocity":"RECIPROCITY_UNKNOWN","tense":"TENSE_UNKNOWN","voice":"VOICE_UNKNOWN"},"dependencyEdge":{"headTokenIndex":30,"label":"DOBJ"},"lemma":"world"},{"text":{"content":"guessing","beginOffset":196},"partOfSpeech":{"tag":"VERB","aspect":"ASPECT_UNKNOWN","case":"CASE_UNKNOWN","form":"FORM_UNKNOWN","gender":"GENDER_UNKNOWN","mood":"MOOD_UNKNOWN","number":"NUMBER_UNKNOWN","person":"PERSON_UNKNOWN","proper":"PROPER_UNKNOWN","reciprocity":"RECIPROCITY_UNKNOWN","tense":"TENSE_UNKNOWN","voice":"VOICE_UNKNOWN"},"dependencyEdge":{"headTokenIndex":30,"label":"XCOMP"},"lemma":"guess"},{"text":{"content":"if","beginOffset":205},"partOfSpeech":{"tag":"ADP","aspect":"ASPECT_UNKNOWN","case":"CASE_UNKNOWN","form":"FORM_UNKNOWN","gender":"GENDER_UNKNOWN","mood":"MOOD_UNKNOWN","number":"NUMBER_UNKNOWN","person":"PERSON_UNKNOWN","proper":"PROPER_UNKNOWN","reciprocity":"RECIPROCITY_UNKNOWN","tense":"TENSE_UNKNOWN","voice":"VOICE_UNKNOWN"},"dependencyEdge":{"headTokenIndex":38,"label":"MARK"},"lemma":"if"},{"text":{"content":"he","beginOffset":208},"partOfSpeech":{"tag":"PRON","aspect":"ASPECT_UNKNOWN","case":"NOMINATIVE","form":"FORM_UNKNOWN","gender":"MASCULINE","mood":"MOOD_UNKNOWN","number":"SINGULAR","person":"THIRD","proper":"PROPER_UNKNOWN","reciprocity":"RECIPROCITY_UNKNOWN","tense":"TENSE_UNKNOWN","voice":"VOICE_UNKNOWN"},"dependencyEdge":{"headTokenIndex":38,"label":"NSUBJ"},"lemma":"he"},{"text":{"content":"will","beginOffset":211},"partOfSpeech":{"tag":"VERB","aspect":"ASPECT_UNKNOWN","case":"CASE_UNKNOWN","form":"FORM_UNKNOWN","gender":"GENDER_UNKNOWN","mood":"MOOD_UNKNOWN","number":"NUMBER_UNKNOWN","person":"PERSON_UNKNOWN","proper":"PROPER_UNKNOWN","reciprocity":"RECIPROCITY_UNKNOWN","tense":"TENSE_UNKNOWN","voice":"VOICE_UNKNOWN"},"dependencyEdge":{"headTokenIndex":38,"label":"AUX"},"lemma":"will"},{"text":{"content":"sign","beginOffset":216},"partOfSpeech":{"tag":"VERB","aspect":"ASPECT_UNKNOWN","case":"CASE_UNKNOWN","form":"FORM_UNKNOWN","gender":"GENDER_UNKNOWN","mood":"MOOD_UNKNOWN","number":"NUMBER_UNKNOWN","person":"PERSON_UNKNOWN","proper":"PROPER_UNKNOWN","reciprocity":"RECIPROCITY_UNKNOWN","tense":"TENSE_UNKNOWN","voice":"VOICE_UNKNOWN"},"dependencyEdge":{"headTokenIndex":34,"label":"ADVCL"},"lemma":"sign"},{"text":{"content":"a","beginOffset":221},"partOfSpeech":{"tag":"DET","aspect":"ASPECT_UNKNOWN","case":"CASE_UNKNOWN","form":"FORM_UNKNOWN","gender":"GENDER_UNKNOWN","mood":"MOOD_UNKNOWN","number":"NUMBER_UNKNOWN","person":"PERSON_UNKNOWN","proper":"PROPER_UNKNOWN","reciprocity":"RECIPROCITY_UNKNOWN","tense":"TENSE_UNKNOWN","voice":"VOICE_UNKNOWN"},"dependencyEdge":{"headTokenIndex":41,"label":"DET"},"lemma":"a"},{"text":{"content":"new","beginOffset":223},"partOfSpeech":{"tag":"ADJ","aspect":"ASPECT_UNKNOWN","case":"CASE_UNKNOWN","form":"FORM_UNKNOWN","gender":"GENDER_UNKNOWN","mood":"MOOD_UNKNOWN","number":"NUMBER_UNKNOWN","person":"PERSON_UNKNOWN","proper":"PROPER_UNKNOWN","reciprocity":"RECIPROCITY_UNKNOWN","tense":"TENSE_UNKNOWN","voice":"VOICE_UNKNOWN"},"dependencyEdge":{"headTokenIndex":41,"label":"AMOD"},"lemma":"new"},{"text":{"content":"contract","beginOffset":227},"partOfSpeech":{"tag":"NOUN","aspect":"ASPECT_UNKNOWN","case":"CASE_UNKNOWN","form":"FORM_UNKNOWN","gender":"GENDER_UNKNOWN","mood":"MOOD_UNKNOWN","number":"SINGULAR","person":"PERSON_UNKNOWN","proper":"PROPER_UNKNOWN","reciprocity":"RECIPROCITY_UNKNOWN","tense":"TENSE_UNKNOWN","voice":"VOICE_UNKNOWN"},"dependencyEdge":{"headTokenIndex":38,"label":"DOBJ"},"lemma":"contract"},{"text":{"content":"with","beginOffset":236},"partOfSpeech":{"tag":"ADP","aspect":"ASPECT_UNKNOWN","case":"CASE_UNKNOWN","form":"FORM_UNKNOWN","gender":"GENDER_UNKNOWN","mood":"MOOD_UNKNOWN","number":"NUMBER_UNKNOWN","person":"PERSON_UNKNOWN","proper":"PROPER_UNKNOWN","reciprocity":"RECIPROCITY_UNKNOWN","tense":"TENSE_UNKNOWN","voice":"VOICE_UNKNOWN"},"dependencyEdge":{"headTokenIndex":41,"label":"PREP"},"lemma":"with"},{"text":{"content":"Arsenal","beginOffset":241},"partOfSpeech":{"tag":"NOUN","aspect":"ASPECT_UNKNOWN","case":"CASE_UNKNOWN","form":"FORM_UNKNOWN","gender":"GENDER_UNKNOWN","mood":"MOOD_UNKNOWN","number":"SINGULAR","person":"PERSON_UNKNOWN","proper":"PROPER","reciprocity":"RECIPROCITY_UNKNOWN","tense":"TENSE_UNKNOWN","voice":"VOICE_UNKNOWN"},"dependencyEdge":{"headTokenIndex":42,"label":"POBJ"},"lemma":"Arsenal"},{"text":{"content":"but","beginOffset":249},"partOfSpeech":{"tag":"CONJ","aspect":"ASPECT_UNKNOWN","case":"CASE_UNKNOWN","form":"FORM_UNKNOWN","gender":"GENDER_UNKNOWN","mood":"MOOD_UNKNOWN","number":"NUMBER_UNKNOWN","person":"PERSON_UNKNOWN","proper":"PROPER_UNKNOWN","reciprocity":"RECIPROCITY_UNKNOWN","tense":"TENSE_UNKNOWN","voice":"VOICE_UNKNOWN"},"dependencyEdge":{"headTokenIndex":30,"label":"CC"},"lemma":"but"},{"text":{"content":"revealed","beginOffset":253},"partOfSpeech":{"tag":"VERB","aspect":"ASPECT_UNKNOWN","case":"CASE_UNKNOWN","form":"FORM_UNKNOWN","gender":"GENDER_UNKNOWN","mood":"INDICATIVE","number":"NUMBER_UNKNOWN","person":"PERSON_UNKNOWN","proper":"PROPER_UNKNOWN","reciprocity":"RECIPROCITY_UNKNOWN","tense":"PAST","voice":"VOICE_UNKNOWN"},"dependencyEdge":{"headTokenIndex":30,"label":"CONJ"},"lemma":"reveal"},{"text":{"content":"after","beginOffset":262},"partOfSpeech":{"tag":"ADP","aspect":"ASPECT_UNKNOWN","case":"CASE_UNKNOWN","form":"FORM_UNKNOWN","gender":"GENDER_UNKNOWN","mood":"MOOD_UNKNOWN","number":"NUMBER_UNKNOWN","person":"PERSON_UNKNOWN","proper":"PROPER_UNKNOWN","reciprocity":"RECIPROCITY_UNKNOWN","tense":"TENSE_UNKNOWN","voice":"VOICE_UNKNOWN"},"dependencyEdge":{"headTokenIndex":45,"label":"PREP"},"lemma":"after"},{"text":{"content":"Saturday","beginOffset":268},"partOfSpeech":{"tag":"NOUN","aspect":"ASPECT_UNKNOWN","case":"CASE_UNKNOWN","form":"FORM_UNKNOWN","gender":"GENDER_UNKNOWN","mood":"MOOD_UNKNOWN","number":"SINGULAR","person":"PERSON_UNKNOWN","proper":"PROPER","reciprocity":"RECIPROCITY_UNKNOWN","tense":"TENSE_UNKNOWN","voice":"VOICE_UNKNOWN"},"dependencyEdge":{"headTokenIndex":52,"label":"POSS"},"lemma":"Saturday"},{"text":{"content":"'s","beginOffset":276},"partOfSpeech":{"tag":"PRT","aspect":"ASPECT_UNKNOWN","case":"CASE_UNKNOWN","form":"FORM_UNKNOWN","gender":"GENDER_UNKNOWN","mood":"MOOD_UNKNOWN","number":"NUMBER_UNKNOWN","person":"PERSON_UNKNOWN","proper":"PROPER_UNKNOWN","reciprocity":"RECIPROCITY_UNKNOWN","tense":"TENSE_UNKNOWN","voice":"VOICE_UNKNOWN"},"dependencyEdge":{"headTokenIndex":47,"label":"PS"},"lemma":"'s"},{"text":{"content":"3","beginOffset":279},"partOfSpeech":{"tag":"NUM","aspect":"ASPECT_UNKNOWN","case":"CASE_UNKNOWN","form":"FORM_UNKNOWN","gender":"GENDER_UNKNOWN","mood":"MOOD_UNKNOWN","number":"NUMBER_UNKNOWN","person":"PERSON_UNKNOWN","proper":"PROPER_UNKNOWN","reciprocity":"RECIPROCITY_UNKNOWN","tense":"TENSE_UNKNOWN","voice":"VOICE_UNKNOWN"},"dependencyEdge":{"headTokenIndex":51,"label":"NUMBER"},"lemma":"3"},{"text":{"content":"-","beginOffset":280},"partOfSpeech":{"tag":"X","aspect":"ASPECT_UNKNOWN","case":"CASE_UNKNOWN","form":"FORM_UNKNOWN","gender":"GENDER_UNKNOWN","mood":"MOOD_UNKNOWN","number":"NUMBER_UNKNOWN","person":"PERSON_UNKNOWN","proper":"PROPER_UNKNOWN","reciprocity":"RECIPROCITY_UNKNOWN","tense":"TENSE_UNKNOWN","voice":"VOICE_UNKNOWN"},"dependencyEdge":{"headTokenIndex":51,"label":"P"},"lemma":"-"},{"text":{"content":"1","beginOffset":281},"partOfSpeech":{"tag":"NUM","aspect":"ASPECT_UNKNOWN","case":"CASE_UNKNOWN","form":"FORM_UNKNOWN","gender":"GENDER_UNKNOWN","mood":"MOOD_UNKNOWN","number":"NUMBER_UNKNOWN","person":"PERSON_UNKNOWN","proper":"PROPER_UNKNOWN","reciprocity":"RECIPROCITY_UNKNOWN","tense":"TENSE_UNKNOWN","voice":"VOICE_UNKNOWN"},"dependencyEdge":{"headTokenIndex":52,"label":"NUM"},"lemma":"1"},{"text":{"content":"defeat","beginOffset":283},"partOfSpeech":{"tag":"NOUN","aspect":"ASPECT_UNKNOWN","case":"CASE_UNKNOWN","form":"FORM_UNKNOWN","gender":"GENDER_UNKNOWN","mood":"MOOD_UNKNOWN","number":"SINGULAR","person":"PERSON_UNKNOWN","proper":"PROPER_UNKNOWN","reciprocity":"RECIPROCITY_UNKNOWN","tense":"TENSE_UNKNOWN","voice":"VOICE_UNKNOWN"},"dependencyEdge":{"headTokenIndex":46,"label":"POBJ"},"lemma":"defeat"},{"text":{"content":"at","beginOffset":290},"partOfSpeech":{"tag":"ADP","aspect":"ASPECT_UNKNOWN","case":"CASE_UNKNOWN","form":"FORM_UNKNOWN","gender":"GENDER_UNKNOWN","mood":"MOOD_UNKNOWN","number":"NUMBER_UNKNOWN","person":"PERSON_UNKNOWN","proper":"PROPER_UNKNOWN","reciprocity":"RECIPROCITY_UNKNOWN","tense":"TENSE_UNKNOWN","voice":"VOICE_UNKNOWN"},"dependencyEdge":{"headTokenIndex":52,"label":"PREP"},"lemma":"at"},{"text":{"content":"West","beginOffset":293},"partOfSpeech":{"tag":"NOUN","aspect":"ASPECT_UNKNOWN","case":"CASE_UNKNOWN","form":"FORM_UNKNOWN","gender":"GENDER_UNKNOWN","mood":"MOOD_UNKNOWN","number":"SINGULAR","person":"PERSON_UNKNOWN","proper":"PROPER","reciprocity":"RECIPROCITY_UNKNOWN","tense":"TENSE_UNKNOWN","voice":"VOICE_UNKNOWN"},"dependencyEdge":{"headTokenIndex":55,"label":"NN"},"lemma":"West"},{"text":{"content":"Brom","beginOffset":298},"partOfSpeech":{"tag":"NOUN","aspect":"ASPECT_UNKNOWN","case":"CASE_UNKNOWN","form":"FORM_UNKNOWN","gender":"GENDER_UNKNOWN","mood":"MOOD_UNKNOWN","number":"SINGULAR","person":"PERSON_UNKNOWN","proper":"PROPER","reciprocity":"RECIPROCITY_UNKNOWN","tense":"TENSE_UNKNOWN","voice":"VOICE_UNKNOWN"},"dependencyEdge":{"headTokenIndex":53,"label":"POBJ"},"lemma":"Brom"},{"text":{"content":"that","beginOffset":303},"partOfSpeech":{"tag":"ADP","aspect":"ASPECT_UNKNOWN","case":"CASE_UNKNOWN","form":"FORM_UNKNOWN","gender":"GENDER_UNKNOWN","mood":"MOOD_UNKNOWN","number":"NUMBER_UNKNOWN","person":"PERSON_UNKNOWN","proper":"PROPER_UNKNOWN","reciprocity":"RECIPROCITY_UNKNOWN","tense":"TENSE_UNKNOWN","voice":"VOICE_UNKNOWN"},"dependencyEdge":{"headTokenIndex":59,"label":"MARK"},"lemma":"that"},{"text":{"content":"he","beginOffset":308},"partOfSpeech":{"tag":"PRON","aspect":"ASPECT_UNKNOWN","case":"NOMINATIVE","form":"FORM_UNKNOWN","gender":"MASCULINE","mood":"MOOD_UNKNOWN","number":"SINGULAR","person":"THIRD","proper":"PROPER_UNKNOWN","reciprocity":"RECIPROCITY_UNKNOWN","tense":"TENSE_UNKNOWN","voice":"VOICE_UNKNOWN"},"dependencyEdge":{"headTokenIndex":59,"label":"NSUBJ"},"lemma":"he"},{"text":{"content":"has","beginOffset":311},"partOfSpeech":{"tag":"VERB","aspect":"ASPECT_UNKNOWN","case":"CASE_UNKNOWN","form":"FORM_UNKNOWN","gender":"GENDER_UNKNOWN","mood":"INDICATIVE","number":"SINGULAR","person":"THIRD","proper":"PROPER_UNKNOWN","reciprocity":"RECIPROCITY_UNKNOWN","tense":"PRESENT","voice":"VOICE_UNKNOWN"},"dependencyEdge":{"headTokenIndex":59,"label":"AUX"},"lemma":"have"},{"text":{"content":"made","beginOffset":315},"partOfSpeech":{"tag":"VERB","aspect":"ASPECT_UNKNOWN","case":"CASE_UNKNOWN","form":"FORM_UNKNOWN","gender":"GENDER_UNKNOWN","mood":"MOOD_UNKNOWN","number":"NUMBER_UNKNOWN","person":"PERSON_UNKNOWN","proper":"PROPER_UNKNOWN","reciprocity":"RECIPROCITY_UNKNOWN","tense":"PAST","voice":"PASSIVE"},"dependencyEdge":{"headTokenIndex":45,"label":"CCOMP"},"lemma":"make"},{"text":{"content":"up","beginOffset":320},"partOfSpeech":{"tag":"PRT","aspect":"ASPECT_UNKNOWN","case":"CASE_UNKNOWN","form":"FORM_UNKNOWN","gender":"GENDER_UNKNOWN","mood":"MOOD_UNKNOWN","number":"NUMBER_UNKNOWN","person":"PERSON_UNKNOWN","proper":"PROPER_UNKNOWN","reciprocity":"RECIPROCITY_UNKNOWN","tense":"TENSE_UNKNOWN","voice":"VOICE_UNKNOWN"},"dependencyEdge":{"headTokenIndex":59,"label":"PRT"},"lemma":"up"},{"text":{"content":"his","beginOffset":323},"partOfSpeech":{"tag":"PRON","aspect":"ASPECT_UNKNOWN","case":"GENITIVE","form":"FORM_UNKNOWN","gender":"MASCULINE","mood":"MOOD_UNKNOWN","number":"SINGULAR","person":"THIRD","proper":"PROPER_UNKNOWN","reciprocity":"RECIPROCITY_UNKNOWN","tense":"TENSE_UNKNOWN","voice":"VOICE_UNKNOWN"},"dependencyEdge":{"headTokenIndex":62,"label":"POSS"},"lemma":"his"},{"text":{"content":"mind","beginOffset":327},"partOfSpeech":{"tag":"NOUN","aspect":"ASPECT_UNKNOWN","case":"CASE_UNKNOWN","form":"FORM_UNKNOWN","gender":"GENDER_UNKNOWN","mood":"MOOD_UNKNOWN","number":"SINGULAR","person":"PERSON_UNKNOWN","proper":"PROPER_UNKNOWN","reciprocity":"RECIPROCITY_UNKNOWN","tense":"TENSE_UNKNOWN","voice":"VOICE_UNKNOWN"},"dependencyEdge":{"headTokenIndex":59,"label":"DOBJ"},"lemma":"mind"},{"text":{"content":".","beginOffset":331},"partOfSpeech":{"tag":"PUNCT","aspect":"ASPECT_UNKNOWN","case":"CASE_UNKNOWN","form":"FORM_UNKNOWN","gender":"GENDER_UNKNOWN","mood":"MOOD_UNKNOWN","number":"NUMBER_UNKNOWN","person":"PERSON_UNKNOWN","proper":"PROPER_UNKNOWN","reciprocity":"RECIPROCITY_UNKNOWN","tense":"TENSE_UNKNOWN","voice":"VOICE_UNKNOWN"},"dependencyEdge":{"headTokenIndex":30,"label":"P"},"lemma":"."},{"text":{"content":"That","beginOffset":334},"partOfSpeech":{"tag":"DET","aspect":"ASPECT_UNKNOWN","case":"CASE_UNKNOWN","form":"FORM_UNKNOWN","gender":"GENDER_UNKNOWN","mood":"MOOD_UNKNOWN","number":"SINGULAR","person":"PERSON_UNKNOWN","proper":"PROPER_UNKNOWN","reciprocity":"RECIPROCITY_UNKNOWN","tense":"TENSE_UNKNOWN","voice":"VOICE_UNKNOWN"},"dependencyEdge":{"headTokenIndex":65,"label":"DET"},"lemma":"That"},{"text":{"content":"loss","beginOffset":339},"partOfSpeech":{"tag":"NOUN","aspect":"ASPECT_UNKNOWN","case":"CASE_UNKNOWN","form":"FORM_UNKNOWN","gender":"GENDER_UNKNOWN","mood":"MOOD_UNKNOWN","number":"SINGULAR","person":"PERSON_UNKNOWN","proper":"PROPER_UNKNOWN","reciprocity":"RECIPROCITY_UNKNOWN","tense":"TENSE_UNKNOWN","voice":"VOICE_UNKNOWN"},"dependencyEdge":{"headTokenIndex":69,"label":"NSUBJ"},"lemma":"loss"},{"text":{"content":"at","beginOffset":344},"partOfSpeech":{"tag":"ADP","aspect":"ASPECT_UNKNOWN","case":"CASE_UNKNOWN","form":"FORM_UNKNOWN","gender":"GENDER_UNKNOWN","mood":"MOOD_UNKNOWN","number":"NUMBER_UNKNOWN","person":"PERSON_UNKNOWN","proper":"PROPER_UNKNOWN","reciprocity":"RECIPROCITY_UNKNOWN","tense":"TENSE_UNKNOWN","voice":"VOICE_UNKNOWN"},"dependencyEdge":{"headTokenIndex":65,"label":"PREP"},"lemma":"at"},{"text":{"content":"the","beginOffset":347},"partOfSpeech":{"tag":"DET","aspect":"ASPECT_UNKNOWN","case":"CASE_UNKNOWN","form":"FORM_UNKNOWN","gender":"GENDER_UNKNOWN","mood":"MOOD_UNKNOWN","number":"NUMBER_UNKNOWN","person":"PERSON_UNKNOWN","proper":"PROPER_UNKNOWN","reciprocity":"RECIPROCITY_UNKNOWN","tense":"TENSE_UNKNOWN","voice":"VOICE_UNKNOWN"},"dependencyEdge":{"headTokenIndex":68,"label":"DET"},"lemma":"the"},{"text":{"content":"Hawthorns","beginOffset":351},"partOfSpeech":{"tag":"NOUN","aspect":"ASPECT_UNKNOWN","case":"CASE_UNKNOWN","form":"FORM_UNKNOWN","gender":"GENDER_UNKNOWN","mood":"MOOD_UNKNOWN","number":"SINGULAR","person":"PERSON_UNKNOWN","proper":"PROPER","reciprocity":"RECIPROCITY_UNKNOWN","tense":"TENSE_UNKNOWN","voice":"VOICE_UNKNOWN"},"dependencyEdge":{"headTokenIndex":66,"label":"POBJ"},"lemma":"Hawthorns"},{"text":{"content":"was","beginOffset":361},"partOfSpeech":{"tag":"VERB","aspect":"ASPECT_UNKNOWN","case":"CASE_UNKNOWN","form":"FORM_UNKNOWN","gender":"GENDER_UNKNOWN","mood":"INDICATIVE","number":"SINGULAR","person":"THIRD","proper":"PROPER_UNKNOWN","reciprocity":"RECIPROCITY_UNKNOWN","tense":"PAST","voice":"VOICE_UNKNOWN"},"dependencyEdge":{"headTokenIndex":69,"label":"ROOT"},"lemma":"be"},{"text":{"content":"Arsenal","beginOffset":365},"partOfSpeech":{"tag":"NOUN","aspect":"ASPECT_UNKNOWN","case":"CASE_UNKNOWN","form":"FORM_UNKNOWN","gender":"GENDER_UNKNOWN","mood":"MOOD_UNKNOWN","number":"SINGULAR","person":"PERSON_UNKNOWN","proper":"PROPER","reciprocity":"RECIPROCITY_UNKNOWN","tense":"TENSE_UNKNOWN","voice":"VOICE_UNKNOWN"},"dependencyEdge":{"headTokenIndex":72,"label":"POSS"},"lemma":"Arsenal"},{"text":{"content":"'s","beginOffset":372},"partOfSpeech":{"tag":"PRT","aspect":"ASPECT_UNKNOWN","case":"CASE_UNKNOWN","form":"FORM_UNKNOWN","gender":"GENDER_UNKNOWN","mood":"MOOD_UNKNOWN","number":"NUMBER_UNKNOWN","person":"PERSON_UNKNOWN","proper":"PROPER_UNKNOWN","reciprocity":"RECIPROCITY_UNKNOWN","tense":"TENSE_UNKNOWN","voice":"VOICE_UNKNOWN"},"dependencyEdge":{"headTokenIndex":70,"label":"PS"},"lemma":"'s"},{"text":{"content":"fourth","beginOffset":375},"partOfSpeech":{"tag":"ADJ","aspect":"ASPECT_UNKNOWN","case":"CASE_UNKNOWN","form":"FORM_UNKNOWN","gender":"GENDER_UNKNOWN","mood":"MOOD_UNKNOWN","number":"NUMBER_UNKNOWN","person":"PERSON_UNKNOWN","proper":"PROPER_UNKNOWN","reciprocity":"RECIPROCITY_UNKNOWN","tense":"TENSE_UNKNOWN","voice":"VOICE_UNKNOWN"},"dependencyEdge":{"headTokenIndex":69,"label":"ATTR"},"lemma":"fourth"},{"text":{"content":"in","beginOffset":382},"partOfSpeech":{"tag":"ADP","aspect":"ASPECT_UNKNOWN","case":"CASE_UNKNOWN","form":"FORM_UNKNOWN","gender":"GENDER_UNKNOWN","mood":"MOOD_UNKNOWN","number":"NUMBER_UNKNOWN","person":"PERSON_UNKNOWN","proper":"PROPER_UNKNOWN","reciprocity":"RECIPROCITY_UNKNOWN","tense":"TENSE_UNKNOWN","voice":"VOICE_UNKNOWN"},"dependencyEdge":{"headTokenIndex":72,"label":"PREP"},"lemma":"in"},{"text":{"content":"their","beginOffset":385},"partOfSpeech":{"tag":"PRON","aspect":"ASPECT_UNKNOWN","case":"GENITIVE","form":"FORM_UNKNOWN","gender":"GENDER_UNKNOWN","mood":"MOOD_UNKNOWN","number":"PLURAL","person":"THIRD","proper":"PROPER_UNKNOWN","reciprocity":"RECIPROCITY_UNKNOWN","tense":"TENSE_UNKNOWN","voice":"VOICE_UNKNOWN"},"dependencyEdge":{"headTokenIndex":79,"label":"POSS"},"lemma":"their"},{"text":{"content":"last","beginOffset":391},"partOfSpeech":{"tag":"ADJ","aspect":"ASPECT_UNKNOWN","case":"CASE_UNKNOWN","form":"FORM_UNKNOWN","gender":"GENDER_UNKNOWN","mood":"MOOD_UNKNOWN","number":"NUMBER_UNKNOWN","person":"PERSON_UNKNOWN","proper":"PROPER_UNKNOWN","reciprocity":"RECIPROCITY_UNKNOWN","tense":"TENSE_UNKNOWN","voice":"VOICE_UNKNOWN"},"dependencyEdge":{"headTokenIndex":79,"label":"AMOD"},"lemma":"last"},{"text":{"content":"five","beginOffset":396},"partOfSpeech":{"tag":"NUM","aspect":"ASPECT_UNKNOWN","case":"CASE_UNKNOWN","form":"FORM_UNKNOWN","gender":"GENDER_UNKNOWN","mood":"MOOD_UNKNOWN","number":"NUMBER_UNKNOWN","person":"PERSON_UNKNOWN","proper":"PROPER_UNKNOWN","reciprocity":"RECIPROCITY_UNKNOWN","tense":"TENSE_UNKNOWN","voice":"VOICE_UNKNOWN"},"dependencyEdge":{"headTokenIndex":79,"label":"NUM"},"lemma":"five"},{"text":{"content":"Premier","beginOffset":401},"partOfSpeech":{"tag":"NOUN","aspect":"ASPECT_UNKNOWN","case":"CASE_UNKNOWN","form":"FORM_UNKNOWN","gender":"GENDER_UNKNOWN","mood":"MOOD_UNKNOWN","number":"SINGULAR","person":"PERSON_UNKNOWN","proper":"PROPER","reciprocity":"RECIPROCITY_UNKNOWN","tense":"TENSE_UNKNOWN","voice":"VOICE_UNKNOWN"},"dependencyEdge":{"headTokenIndex":78,"label":"TITLE"},"lemma":"Premier"},{"text":{"content":"League","beginOffset":409},"partOfSpeech":{"tag":"NOUN","aspect":"ASPECT_UNKNOWN","case":"CASE_UNKNOWN","form":"FORM_UNKNOWN","gender":"GENDER_UNKNOWN","mood":"MOOD_UNKNOWN","number":"SINGULAR","person":"PERSON_UNKNOWN","proper":"PROPER","reciprocity":"RECIPROCITY_UNKNOWN","tense":"TENSE_UNKNOWN","voice":"VOICE_UNKNOWN"},"dependencyEdge":{"headTokenIndex":79,"label":"NN"},"lemma":"League"},{"text":{"content":"games","beginOffset":416},"partOfSpeech":{"tag":"NOUN","aspect":"ASPECT_UNKNOWN","case":"CASE_UNKNOWN","form":"FORM_UNKNOWN","gender":"GENDER_UNKNOWN","mood":"MOOD_UNKNOWN","number":"PLURAL","person":"PERSON_UNKNOWN","proper":"PROPER_UNKNOWN","reciprocity":"RECIPROCITY_UNKNOWN","tense":"TENSE_UNKNOWN","voice":"VOICE_UNKNOWN"},"dependencyEdge":{"headTokenIndex":73,"label":"POBJ"},"lemma":"game"},{"text":{"content":"and","beginOffset":422},"partOfSpeech":{"tag":"CONJ","aspect":"ASPECT_UNKNOWN","case":"CASE_UNKNOWN","form":"FORM_UNKNOWN","gender":"GENDER_UNKNOWN","mood":"MOOD_UNKNOWN","number":"NUMBER_UNKNOWN","person":"PERSON_UNKNOWN","proper":"PROPER_UNKNOWN","reciprocity":"RECIPROCITY_UNKNOWN","tense":"TENSE_UNKNOWN","voice":"VOICE_UNKNOWN"},"dependencyEdge":{"headTokenIndex":69,"label":"CC"},"lemma":"and"},{"text":{"content":"they","beginOffset":426},"partOfSpeech":{"tag":"PRON","aspect":"ASPECT_UNKNOWN","case":"NOMINATIVE","form":"FORM_UNKNOWN","gender":"GENDER_UNKNOWN","mood":"MOOD_UNKNOWN","number":"PLURAL","person":"THIRD","proper":"PROPER_UNKNOWN","reciprocity":"RECIPROCITY_UNKNOWN","tense":"TENSE_UNKNOWN","voice":"VOICE_UNKNOWN"},"dependencyEdge":{"headTokenIndex":83,"label":"NSUBJ"},"lemma":"they"},{"text":{"content":"now","beginOffset":431},"partOfSpeech":{"tag":"ADV","aspect":"ASPECT_UNKNOWN","case":"CASE_UNKNOWN","form":"FORM_UNKNOWN","gender":"GENDER_UNKNOWN","mood":"MOOD_UNKNOWN","number":"NUMBER_UNKNOWN","person":"PERSON_UNKNOWN","proper":"PROPER_UNKNOWN","reciprocity":"RECIPROCITY_UNKNOWN","tense":"TENSE_UNKNOWN","voice":"VOICE_UNKNOWN"},"dependencyEdge":{"headTokenIndex":83,"label":"ADVMOD"},"lemma":"now"},{"text":{"content":"sit","beginOffset":435},"partOfSpeech":{"tag":"VERB","aspect":"ASPECT_UNKNOWN","case":"CASE_UNKNOWN","form":"FORM_UNKNOWN","gender":"GENDER_UNKNOWN","mood":"INDICATIVE","number":"NUMBER_UNKNOWN","person":"PERSON_UNKNOWN","proper":"PROPER_UNKNOWN","reciprocity":"RECIPROCITY_UNKNOWN","tense":"PRESENT","voice":"VOICE_UNKNOWN"},"dependencyEdge":{"headTokenIndex":69,"label":"CONJ"},"lemma":"sit"},{"text":{"content":"sixth","beginOffset":439},"partOfSpeech":{"tag":"ADJ","aspect":"ASPECT_UNKNOWN","case":"CASE_UNKNOWN","form":"FORM_UNKNOWN","gender":"GENDER_UNKNOWN","mood":"MOOD_UNKNOWN","number":"NUMBER_UNKNOWN","person":"PERSON_UNKNOWN","proper":"PROPER_UNKNOWN","reciprocity":"RECIPROCITY_UNKNOWN","tense":"TENSE_UNKNOWN","voice":"VOICE_UNKNOWN"},"dependencyEdge":{"headTokenIndex":83,"label":"ACOMP"},"lemma":"sixth"},{"text":{"content":"in","beginOffset":445},"partOfSpeech":{"tag":"ADP","aspect":"ASPECT_UNKNOWN","case":"CASE_UNKNOWN","form":"FORM_UNKNOWN","gender":"GENDER_UNKNOWN","mood":"MOOD_UNKNOWN","number":"NUMBER_UNKNOWN","person":"PERSON_UNKNOWN","proper":"PROPER_UNKNOWN","reciprocity":"RECIPROCITY_UNKNOWN","tense":"TENSE_UNKNOWN","voice":"VOICE_UNKNOWN"},"dependencyEdge":{"headTokenIndex":83,"label":"PREP"},"lemma":"in"},{"text":{"content":"the","beginOffset":448},"partOfSpeech":{"tag":"DET","aspect":"ASPECT_UNKNOWN","case":"CASE_UNKNOWN","form":"FORM_UNKNOWN","gender":"GENDER_UNKNOWN","mood":"MOOD_UNKNOWN","number":"NUMBER_UNKNOWN","person":"PERSON_UNKNOWN","proper":"PROPER_UNKNOWN","reciprocity":"RECIPROCITY_UNKNOWN","tense":"TENSE_UNKNOWN","voice":"VOICE_UNKNOWN"},"dependencyEdge":{"headTokenIndex":87,"label":"DET"},"lemma":"the"},{"text":{"content":"table","beginOffset":452},"partOfSpeech":{"tag":"NOUN","aspect":"ASPECT_UNKNOWN","case":"CASE_UNKNOWN","form":"FORM_UNKNOWN","gender":"GENDER_UNKNOWN","mood":"MOOD_UNKNOWN","number":"SINGULAR","person":"PERSON_UNKNOWN","proper":"PROPER_UNKNOWN","reciprocity":"RECIPROCITY_UNKNOWN","tense":"TENSE_UNKNOWN","voice":"VOICE_UNKNOWN"},"dependencyEdge":{"headTokenIndex":85,"label":"POBJ"},"lemma":"table"},{"text":{"content":".","beginOffset":457},"partOfSpeech":{"tag":"PUNCT","aspect":"ASPECT_UNKNOWN","case":"CASE_UNKNOWN","form":"FORM_UNKNOWN","gender":"GENDER_UNKNOWN","mood":"MOOD_UNKNOWN","number":"NUMBER_UNKNOWN","person":"PERSON_UNKNOWN","proper":"PROPER_UNKNOWN","reciprocity":"RECIPROCITY_UNKNOWN","tense":"TENSE_UNKNOWN","voice":"VOICE_UNKNOWN"},"dependencyEdge":{"headTokenIndex":69,"label":"P"},"lemma":"."},{"text":{"content":"Wenger","beginOffset":460},"partOfSpeech":{"tag":"NOUN","aspect":"ASPECT_UNKNOWN","case":"CASE_UNKNOWN","form":"FORM_UNKNOWN","gender":"GENDER_UNKNOWN","mood":"MOOD_UNKNOWN","number":"SINGULAR","person":"PERSON_UNKNOWN","proper":"PROPER","reciprocity":"RECIPROCITY_UNKNOWN","tense":"TENSE_UNKNOWN","voice":"VOICE_UNKNOWN"},"dependencyEdge":{"headTokenIndex":92,"label":"NSUBJ"},"lemma":"Wenger"},{"text":{"content":"has","beginOffset":467},"partOfSpeech":{"tag":"VERB","aspect":"ASPECT_UNKNOWN","case":"CASE_UNKNOWN","form":"FORM_UNKNOWN","gender":"GENDER_UNKNOWN","mood":"INDICATIVE","number":"SINGULAR","person":"THIRD","proper":"PROPER_UNKNOWN","reciprocity":"RECIPROCITY_UNKNOWN","tense":"PRESENT","voice":"VOICE_UNKNOWN"},"dependencyEdge":{"headTokenIndex":92,"label":"AUX"},"lemma":"have"},{"text":{"content":"increasingly","beginOffset":471},"partOfSpeech":{"tag":"ADV","aspect":"ASPECT_UNKNOWN","case":"CASE_UNKNOWN","form":"FORM_UNKNOWN","gender":"GENDER_UNKNOWN","mood":"MOOD_UNKNOWN","number":"NUMBER_UNKNOWN","person":"PERSON_UNKNOWN","proper":"PROPER_UNKNOWN","reciprocity":"RECIPROCITY_UNKNOWN","tense":"TENSE_UNKNOWN","voice":"VOICE_UNKNOWN"},"dependencyEdge":{"headTokenIndex":92,"label":"ADVMOD"},"lemma":"increasingly"},{"text":{"content":"split","beginOffset":484},"partOfSpeech":{"tag":"VERB","aspect":"ASPECT_UNKNOWN","case":"CASE_UNKNOWN","form":"FORM_UNKNOWN","gender":"GENDER_UNKNOWN","mood":"MOOD_UNKNOWN","number":"NUMBER_UNKNOWN","person":"PERSON_UNKNOWN","proper":"PROPER_UNKNOWN","reciprocity":"RECIPROCITY_UNKNOWN","tense":"PAST","voice":"VOICE_UNKNOWN"},"dependencyEdge":{"headTokenIndex":92,"label":"ROOT"},"lemma":"split"},{"text":{"content":"the","beginOffset":490},"partOfSpeech":{"tag":"DET","aspect":"ASPECT_UNKNOWN","case":"CASE_UNKNOWN","form":"FORM_UNKNOWN","gender":"GENDER_UNKNOWN","mood":"MOOD_UNKNOWN","number":"NUMBER_UNKNOWN","person":"PERSON_UNKNOWN","proper":"PROPER_UNKNOWN","reciprocity":"RECIPROCITY_UNKNOWN","tense":"TENSE_UNKNOWN","voice":"VOICE_UNKNOWN"},"dependencyEdge":{"headTokenIndex":97,"label":"DET"},"lemma":"the"},{"text":{"content":"Arsenal","beginOffset":494},"partOfSpeech":{"tag":"NOUN","aspect":"ASPECT_UNKNOWN","case":"CASE_UNKNOWN","form":"FORM_UNKNOWN","gender":"GENDER_UNKNOWN","mood":"MOOD_UNKNOWN","number":"SINGULAR","person":"PERSON_UNKNOWN","proper":"PROPER","reciprocity":"RECIPROCITY_UNKNOWN","tense":"TENSE_UNKNOWN","voice":"VOICE_UNKNOWN"},"dependencyEdge":{"headTokenIndex":97,"label":"NN"},"lemma":"Arsenal"},{"text":{"content":"fan","beginOffset":502},"partOfSpeech":{"tag":"NOUN","aspect":"ASPECT_UNKNOWN","case":"CASE_UNKNOWN","form":"FORM_UNKNOWN","gender":"GENDER_UNKNOWN","mood":"MOOD_UNKNOWN","number":"SINGULAR","person":"PERSON_UNKNOWN","proper":"PROPER_UNKNOWN","reciprocity":"RECIPROCITY_UNKNOWN","tense":"TENSE_UNKNOWN","voice":"VOICE_UNKNOWN"},"dependencyEdge":{"headTokenIndex":97,"label":"NN"},"lemma":"fan"},{"text":{"content":"-","beginOffset":505},"partOfSpeech":{"tag":"PUNCT","aspect":"ASPECT_UNKNOWN","case":"CASE_UNKNOWN","form":"FORM_UNKNOWN","gender":"GENDER_UNKNOWN","mood":"MOOD_UNKNOWN","number":"NUMBER_UNKNOWN","person":"PERSON_UNKNOWN","proper":"PROPER_UNKNOWN","reciprocity":"RECIPROCITY_UNKNOWN","tense":"TENSE_UNKNOWN","voice":"VOICE_UNKNOWN"},"dependencyEdge":{"headTokenIndex":97,"label":"P"},"lemma":"-"},{"text":{"content":"base","beginOffset":506},"partOfSpeech":{"tag":"NOUN","aspect":"ASPECT_UNKNOWN","case":"CASE_UNKNOWN","form":"FORM_UNKNOWN","gender":"GENDER_UNKNOWN","mood":"MOOD_UNKNOWN","number":"SINGULAR","person":"PERSON_UNKNOWN","proper":"PROPER_UNKNOWN","reciprocity":"RECIPROCITY_UNKNOWN","tense":"TENSE_UNKNOWN","voice":"VOICE_UNKNOWN"},"dependencyEdge":{"headTokenIndex":92,"label":"DOBJ"},"lemma":"base"},{"text":{"content":"with","beginOffset":511},"partOfSpeech":{"tag":"ADP","aspect":"ASPECT_UNKNOWN","case":"CASE_UNKNOWN","form":"FORM_UNKNOWN","gender":"GENDER_UNKNOWN","mood":"MOOD_UNKNOWN","number":"NUMBER_UNKNOWN","person":"PERSON_UNKNOWN","proper":"PROPER_UNKNOWN","reciprocity":"RECIPROCITY_UNKNOWN","tense":"TENSE_UNKNOWN","voice":"VOICE_UNKNOWN"},"dependencyEdge":{"headTokenIndex":92,"label":"PREP"},"lemma":"with"},{"text":{"content":"two","beginOffset":516},"partOfSpeech":{"tag":"NUM","aspect":"ASPECT_UNKNOWN","case":"CASE_UNKNOWN","form":"FORM_UNKNOWN","gender":"GENDER_UNKNOWN","mood":"MOOD_UNKNOWN","number":"NUMBER_UNKNOWN","person":"PERSON_UNKNOWN","proper":"PROPER_UNKNOWN","reciprocity":"RECIPROCITY_UNKNOWN","tense":"TENSE_UNKNOWN","voice":"VOICE_UNKNOWN"},"dependencyEdge":{"headTokenIndex":100,"label":"NUM"},"lemma":"two"},{"text":{"content":"protests","beginOffset":520},"partOfSpeech":{"tag":"NOUN","aspect":"ASPECT_UNKNOWN","case":"CASE_UNKNOWN","form":"FORM_UNKNOWN","gender":"GENDER_UNKNOWN","mood":"MOOD_UNKNOWN","number":"PLURAL","person":"PERSON_UNKNOWN","proper":"PROPER_UNKNOWN","reciprocity":"RECIPROCITY_UNKNOWN","tense":"TENSE_UNKNOWN","voice":"VOICE_UNKNOWN"},"dependencyEdge":{"headTokenIndex":98,"label":"POBJ"},"lemma":"protest"},{"text":{"content":"organised","beginOffset":529},"partOfSpeech":{"tag":"VERB","aspect":"ASPECT_UNKNOWN","case":"CASE_UNKNOWN","form":"FORM_UNKNOWN","gender":"GENDER_UNKNOWN","mood":"MOOD_UNKNOWN","number":"NUMBER_UNKNOWN","person":"PERSON_UNKNOWN","proper":"PROPER_UNKNOWN","reciprocity":"RECIPROCITY_UNKNOWN","tense":"PAST","voice":"VOICE_UNKNOWN"},"dependencyEdge":{"headTokenIndex":100,"label":"VMOD"},"lemma":"organise"},{"text":{"content":"before","beginOffset":539},"partOfSpeech":{"tag":"ADP","aspect":"ASPECT_UNKNOWN","case":"CASE_UNKNOWN","form":"FORM_UNKNOWN","gender":"GENDER_UNKNOWN","mood":"MOOD_UNKNOWN","number":"NUMBER_UNKNOWN","person":"PERSON_UNKNOWN","proper":"PROPER_UNKNOWN","reciprocity":"RECIPROCITY_UNKNOWN","tense":"TENSE_UNKNOWN","voice":"VOICE_UNKNOWN"},"dependencyEdge":{"headTokenIndex":101,"label":"PREP"},"lemma":"before"},{"text":{"content":"recent","beginOffset":546},"partOfSpeech":{"tag":"ADJ","aspect":"ASPECT_UNKNOWN","case":"CASE_UNKNOWN","form":"FORM_UNKNOWN","gender":"GENDER_UNKNOWN","mood":"MOOD_UNKNOWN","number":"NUMBER_UNKNOWN","person":"PERSON_UNKNOWN","proper":"PROPER_UNKNOWN","reciprocity":"RECIPROCITY_UNKNOWN","tense":"TENSE_UNKNOWN","voice":"VOICE_UNKNOWN"},"dependencyEdge":{"headTokenIndex":104,"label":"AMOD"},"lemma":"recent"},{"text":{"content":"matches","beginOffset":553},"partOfSpeech":{"tag":"NOUN","aspect":"ASPECT_UNKNOWN","case":"CASE_UNKNOWN","form":"FORM_UNKNOWN","gender":"GENDER_UNKNOWN","mood":"MOOD_UNKNOWN","number":"PLURAL","person":"PERSON_UNKNOWN","proper":"PROPER_UNKNOWN","reciprocity":"RECIPROCITY_UNKNOWN","tense":"TENSE_UNKNOWN","voice":"VOICE_UNKNOWN"},"dependencyEdge":{"headTokenIndex":102,"label":"POBJ"},"lemma":"match"},{"text":{"content":"and","beginOffset":561},"partOfSpeech":{"tag":"CONJ","aspect":"ASPECT_UNKNOWN","case":"CASE_UNKNOWN","form":"FORM_UNKNOWN","gender":"GENDER_UNKNOWN","mood":"MOOD_UNKNOWN","number":"NUMBER_UNKNOWN","person":"PERSON_UNKNOWN","proper":"PROPER_UNKNOWN","reciprocity":"RECIPROCITY_UNKNOWN","tense":"TENSE_UNKNOWN","voice":"VOICE_UNKNOWN"},"dependencyEdge":{"headTokenIndex":104,"label":"CC"},"lemma":"and"},{"text":{"content":"two","beginOffset":565},"partOfSpeech":{"tag":"NUM","aspect":"ASPECT_UNKNOWN","case":"CASE_UNKNOWN","form":"FORM_UNKNOWN","gender":"GENDER_UNKNOWN","mood":"MOOD_UNKNOWN","number":"NUMBER_UNKNOWN","person":"PERSON_UNKNOWN","proper":"PROPER_UNKNOWN","reciprocity":"RECIPROCITY_UNKNOWN","tense":"TENSE_UNKNOWN","voice":"VOICE_UNKNOWN"},"dependencyEdge":{"headTokenIndex":107,"label":"NUM"},"lemma":"two"},{"text":{"content":"planes","beginOffset":569},"partOfSpeech":{"tag":"NOUN","aspect":"ASPECT_UNKNOWN","case":"CASE_UNKNOWN","form":"FORM_UNKNOWN","gender":"GENDER_UNKNOWN","mood":"MOOD_UNKNOWN","number":"PLURAL","person":"PERSON_UNKNOWN","proper":"PROPER_UNKNOWN","reciprocity":"RECIPROCITY_UNKNOWN","tense":"TENSE_UNKNOWN","voice":"VOICE_UNKNOWN"},"dependencyEdge":{"headTokenIndex":104,"label":"CONJ"},"lemma":"plane"},{"text":{"content":"flown","beginOffset":576},"partOfSpeech":{"tag":"VERB","aspect":"ASPECT_UNKNOWN","case":"CASE_UNKNOWN","form":"FORM_UNKNOWN","gender":"GENDER_UNKNOWN","mood":"MOOD_UNKNOWN","number":"NUMBER_UNKNOWN","person":"PERSON_UNKNOWN","proper":"PROPER_UNKNOWN","reciprocity":"RECIPROCITY_UNKNOWN","tense":"PAST","voice":"VOICE_UNKNOWN"},"dependencyEdge":{"headTokenIndex":107,"label":"VMOD"},"lemma":"fly"},{"text":{"content":"over","beginOffset":582},"partOfSpeech":{"tag":"ADP","aspect":"ASPECT_UNKNOWN","case":"CASE_UNKNOWN","form":"FORM_UNKNOWN","gender":"GENDER_UNKNOWN","mood":"MOOD_UNKNOWN","number":"NUMBER_UNKNOWN","person":"PERSON_UNKNOWN","proper":"PROPER_UNKNOWN","reciprocity":"RECIPROCITY_UNKNOWN","tense":"TENSE_UNKNOWN","voice":"VOICE_UNKNOWN"},"dependencyEdge":{"headTokenIndex":108,"label":"PREP"},"lemma":"over"},{"text":{"content":"the","beginOffset":587},"partOfSpeech":{"tag":"DET","aspect":"ASPECT_UNKNOWN","case":"CASE_UNKNOWN","form":"FORM_UNKNOWN","gender":"GENDER_UNKNOWN","mood":"MOOD_UNKNOWN","number":"NUMBER_UNKNOWN","person":"PERSON_UNKNOWN","proper":"PROPER_UNKNOWN","reciprocity":"RECIPROCITY_UNKNOWN","tense":"TENSE_UNKNOWN","voice":"VOICE_UNKNOWN"},"dependencyEdge":{"headTokenIndex":113,"label":"DET"},"lemma":"the"},{"text":{"content":"West","beginOffset":591},"partOfSpeech":{"tag":"NOUN","aspect":"ASPECT_UNKNOWN","case":"CASE_UNKNOWN","form":"FORM_UNKNOWN","gender":"GENDER_UNKNOWN","mood":"MOOD_UNKNOWN","number":"SINGULAR","person":"PERSON_UNKNOWN","proper":"PROPER","reciprocity":"RECIPROCITY_UNKNOWN","tense":"TENSE_UNKNOWN","voice":"VOICE_UNKNOWN"},"dependencyEdge":{"headTokenIndex":112,"label":"NN"},"lemma":"West"},{"text":{"content":"Brom","beginOffset":596},"partOfSpeech":{"tag":"NOUN","aspect":"ASPECT_UNKNOWN","case":"CASE_UNKNOWN","form":"FORM_UNKNOWN","gender":"GENDER_UNKNOWN","mood":"MOOD_UNKNOWN","number":"SINGULAR","person":"PERSON_UNKNOWN","proper":"PROPER","reciprocity":"RECIPROCITY_UNKNOWN","tense":"TENSE_UNKNOWN","voice":"VOICE_UNKNOWN"},"dependencyEdge":{"headTokenIndex":113,"label":"NN"},"lemma":"Brom"},{"text":{"content":"game","beginOffset":601},"partOfSpeech":{"tag":"NOUN","aspect":"ASPECT_UNKNOWN","case":"CASE_UNKNOWN","form":"FORM_UNKNOWN","gender":"GENDER_UNKNOWN","mood":"MOOD_UNKNOWN","number":"SINGULAR","person":"PERSON_UNKNOWN","proper":"PROPER_UNKNOWN","reciprocity":"RECIPROCITY_UNKNOWN","tense":"TENSE_UNKNOWN","voice":"VOICE_UNKNOWN"},"dependencyEdge":{"headTokenIndex":109,"label":"POBJ"},"lemma":"game"},{"text":{"content":"carrying","beginOffset":606},"partOfSpeech":{"tag":"VERB","aspect":"ASPECT_UNKNOWN","case":"CASE_UNKNOWN","form":"FORM_UNKNOWN","gender":"GENDER_UNKNOWN","mood":"MOOD_UNKNOWN","number":"NUMBER_UNKNOWN","person":"PERSON_UNKNOWN","proper":"PROPER_UNKNOWN","reciprocity":"RECIPROCITY_UNKNOWN","tense":"TENSE_UNKNOWN","voice":"VOICE_UNKNOWN"},"dependencyEdge":{"headTokenIndex":113,"label":"VMOD"},"lemma":"carry"},{"text":{"content":"conflicting","beginOffset":615},"partOfSpeech":{"tag":"ADJ","aspect":"ASPECT_UNKNOWN","case":"CASE_UNKNOWN","form":"FORM_UNKNOWN","gender":"GENDER_UNKNOWN","mood":"MOOD_UNKNOWN","number":"NUMBER_UNKNOWN","person":"PERSON_UNKNOWN","proper":"PROPER_UNKNOWN","reciprocity":"RECIPROCITY_UNKNOWN","tense":"TENSE_UNKNOWN","voice":"VOICE_UNKNOWN"},"dependencyEdge":{"headTokenIndex":116,"label":"AMOD"},"lemma":"conflicting"},{"text":{"content":"messages","beginOffset":627},"partOfSpeech":{"tag":"NOUN","aspect":"ASPECT_UNKNOWN","case":"CASE_UNKNOWN","form":"FORM_UNKNOWN","gender":"GENDER_UNKNOWN","mood":"MOOD_UNKNOWN","number":"PLURAL","person":"PERSON_UNKNOWN","proper":"PROPER_UNKNOWN","reciprocity":"RECIPROCITY_UNKNOWN","tense":"TENSE_UNKNOWN","voice":"VOICE_UNKNOWN"},"dependencyEdge":{"headTokenIndex":114,"label":"DOBJ"},"lemma":"message"},{"text":{"content":"–","beginOffset":636},"partOfSpeech":{"tag":"PUNCT","aspect":"ASPECT_UNKNOWN","case":"CASE_UNKNOWN","form":"FORM_UNKNOWN","gender":"GENDER_UNKNOWN","mood":"MOOD_UNKNOWN","number":"NUMBER_UNKNOWN","person":"PERSON_UNKNOWN","proper":"PROPER_UNKNOWN","reciprocity":"RECIPROCITY_UNKNOWN","tense":"TENSE_UNKNOWN","voice":"VOICE_UNKNOWN"},"dependencyEdge":{"headTokenIndex":116,"label":"P"},"lemma":"–"},{"text":{"content":"one","beginOffset":640},"partOfSpeech":{"tag":"NUM","aspect":"ASPECT_UNKNOWN","case":"CASE_UNKNOWN","form":"FORM_UNKNOWN","gender":"GENDER_UNKNOWN","mood":"MOOD_UNKNOWN","number":"NUMBER_UNKNOWN","person":"PERSON_UNKNOWN","proper":"PROPER_UNKNOWN","reciprocity":"RECIPROCITY_UNKNOWN","tense":"TENSE_UNKNOWN","voice":"VOICE_UNKNOWN"},"dependencyEdge":{"headTokenIndex":116,"label":"APPOS"},"lemma":"one"},{"text":{"content":"of","beginOffset":644},"partOfSpeech":{"tag":"ADP","aspect":"ASPECT_UNKNOWN","case":"CASE_UNKNOWN","form":"FORM_UNKNOWN","gender":"GENDER_UNKNOWN","mood":"MOOD_UNKNOWN","number":"NUMBER_UNKNOWN","person":"PERSON_UNKNOWN","proper":"PROPER_UNKNOWN","reciprocity":"RECIPROCITY_UNKNOWN","tense":"TENSE_UNKNOWN","voice":"VOICE_UNKNOWN"},"dependencyEdge":{"headTokenIndex":118,"label":"PREP"},"lemma":"of"},{"text":{"content":"support","beginOffset":647},"partOfSpeech":{"tag":"NOUN","aspect":"ASPECT_UNKNOWN","case":"CASE_UNKNOWN","form":"FORM_UNKNOWN","gender":"GENDER_UNKNOWN","mood":"MOOD_UNKNOWN","number":"SINGULAR","person":"PERSON_UNKNOWN","proper":"PROPER_UNKNOWN","reciprocity":"RECIPROCITY_UNKNOWN","tense":"TENSE_UNKNOWN","voice":"VOICE_UNKNOWN"},"dependencyEdge":{"headTokenIndex":119,"label":"POBJ"},"lemma":"support"},{"text":{"content":"and","beginOffset":655},"partOfSpeech":{"tag":"CONJ","aspect":"ASPECT_UNKNOWN","case":"CASE_UNKNOWN","form":"FORM_UNKNOWN","gender":"GENDER_UNKNOWN","mood":"MOOD_UNKNOWN","number":"NUMBER_UNKNOWN","person":"PERSON_UNKNOWN","proper":"PROPER_UNKNOWN","reciprocity":"RECIPROCITY_UNKNOWN","tense":"TENSE_UNKNOWN","voice":"VOICE_UNKNOWN"},"dependencyEdge":{"headTokenIndex":118,"label":"CC"},"lemma":"and"},{"text":{"content":"one","beginOffset":659},"partOfSpeech":{"tag":"NUM","aspect":"ASPECT_UNKNOWN","case":"CASE_UNKNOWN","form":"FORM_UNKNOWN","gender":"GENDER_UNKNOWN","mood":"MOOD_UNKNOWN","number":"NUMBER_UNKNOWN","person":"PERSON_UNKNOWN","proper":"PROPER_UNKNOWN","reciprocity":"RECIPROCITY_UNKNOWN","tense":"TENSE_UNKNOWN","voice":"VOICE_UNKNOWN"},"dependencyEdge":{"headTokenIndex":118,"label":"CONJ"},"lemma":"one"},{"text":{"content":"against","beginOffset":663},"partOfSpeech":{"tag":"ADP","aspect":"ASPECT_UNKNOWN","case":"CASE_UNKNOWN","form":"FORM_UNKNOWN","gender":"GENDER_UNKNOWN","mood":"MOOD_UNKNOWN","number":"NUMBER_UNKNOWN","person":"PERSON_UNKNOWN","proper":"PROPER_UNKNOWN","reciprocity":"RECIPROCITY_UNKNOWN","tense":"TENSE_UNKNOWN","voice":"VOICE_UNKNOWN"},"dependencyEdge":{"headTokenIndex":122,"label":"PREP"},"lemma":"against"},{"text":{"content":"any","beginOffset":671},"partOfSpeech":{"tag":"DET","aspect":"ASPECT_UNKNOWN","case":"CASE_UNKNOWN","form":"FORM_UNKNOWN","gender":"GENDER_UNKNOWN","mood":"MOOD_UNKNOWN","number":"NUMBER_UNKNOWN","person":"PERSON_UNKNOWN","proper":"PROPER_UNKNOWN","reciprocity":"RECIPROCITY_UNKNOWN","tense":"TENSE_UNKNOWN","voice":"VOICE_UNKNOWN"},"dependencyEdge":{"headTokenIndex":126,"label":"DET"},"lemma":"any"},{"text":{"content":"new","beginOffset":675},"partOfSpeech":{"tag":"ADJ","aspect":"ASPECT_UNKNOWN","case":"CASE_UNKNOWN","form":"FORM_UNKNOWN","gender":"GENDER_UNKNOWN","mood":"MOOD_UNKNOWN","number":"NUMBER_UNKNOWN","person":"PERSON_UNKNOWN","proper":"PROPER_UNKNOWN","reciprocity":"RECIPROCITY_UNKNOWN","tense":"TENSE_UNKNOWN","voice":"VOICE_UNKNOWN"},"dependencyEdge":{"headTokenIndex":126,"label":"AMOD"},"lemma":"new"},{"text":{"content":"deal","beginOffset":679},"partOfSpeech":{"tag":"NOUN","aspect":"ASPECT_UNKNOWN","case":"CASE_UNKNOWN","form":"FORM_UNKNOWN","gender":"GENDER_UNKNOWN","mood":"MOOD_UNKNOWN","number":"SINGULAR","person":"PERSON_UNKNOWN","proper":"PROPER_UNKNOWN","reciprocity":"RECIPROCITY_UNKNOWN","tense":"TENSE_UNKNOWN","voice":"VOICE_UNKNOWN"},"dependencyEdge":{"headTokenIndex":123,"label":"POBJ"},"lemma":"deal"},{"text":{"content":"being","beginOffset":684},"partOfSpeech":{"tag":"VERB","aspect":"ASPECT_UNKNOWN","case":"CASE_UNKNOWN","form":"FORM_UNKNOWN","gender":"GENDER_UNKNOWN","mood":"MOOD_UNKNOWN","number":"NUMBER_UNKNOWN","person":"PERSON_UNKNOWN","proper":"PROPER_UNKNOWN","reciprocity":"RECIPROCITY_UNKNOWN","tense":"TENSE_UNKNOWN","voice":"VOICE_UNKNOWN"},"dependencyEdge":{"headTokenIndex":128,"label":"AUXPASS"},"lemma":"be"},{"text":{"content":"signed","beginOffset":690},"partOfSpeech":{"tag":"VERB","aspect":"ASPECT_UNKNOWN","case":"CASE_UNKNOWN","form":"FORM_UNKNOWN","gender":"GENDER_UNKNOWN","mood":"MOOD_UNKNOWN","number":"NUMBER_UNKNOWN","person":"PERSON_UNKNOWN","proper":"PROPER_UNKNOWN","reciprocity":"RECIPROCITY_UNKNOWN","tense":"PAST","voice":"PASSIVE"},"dependencyEdge":{"headTokenIndex":126,"label":"VMOD"},"lemma":"sign"},{"text":{"content":".","beginOffset":696},"partOfSpeech":{"tag":"PUNCT","aspect":"ASPECT_UNKNOWN","case":"CASE_UNKNOWN","form":"FORM_UNKNOWN","gender":"GENDER_UNKNOWN","mood":"MOOD_UNKNOWN","number":"NUMBER_UNKNOWN","person":"PERSON_UNKNOWN","proper":"PROPER_UNKNOWN","reciprocity":"RECIPROCITY_UNKNOWN","tense":"TENSE_UNKNOWN","voice":"VOICE_UNKNOWN"},"dependencyEdge":{"headTokenIndex":92,"label":"P"},"lemma":"."},{"text":{"content":"The","beginOffset":699},"partOfSpeech":{"tag":"DET","aspect":"ASPECT_UNKNOWN","case":"CASE_UNKNOWN","form":"FORM_UNKNOWN","gender":"GENDER_UNKNOWN","mood":"MOOD_UNKNOWN","number":"NUMBER_UNKNOWN","person":"PERSON_UNKNOWN","proper":"PROPER_UNKNOWN","reciprocity":"RECIPROCITY_UNKNOWN","tense":"TENSE_UNKNOWN","voice":"VOICE_UNKNOWN"},"dependencyEdge":{"headTokenIndex":131,"label":"DET"},"lemma":"The"},{"text":{"content":"Frenchman","beginOffset":703},"partOfSpeech":{"tag":"NOUN","aspect":"ASPECT_UNKNOWN","case":"CASE_UNKNOWN","form":"FORM_UNKNOWN","gender":"GENDER_UNKNOWN","mood":"MOOD_UNKNOWN","number":"SINGULAR","person":"PERSON_UNKNOWN","proper":"PROPER","reciprocity":"RECIPROCITY_UNKNOWN","tense":"TENSE_UNKNOWN","voice":"VOICE_UNKNOWN"},"dependencyEdge":{"headTokenIndex":134,"label":"NSUBJ"},"lemma":"Frenchman"},{"text":{"content":"has","beginOffset":713},"partOfSpeech":{"tag":"VERB","aspect":"ASPECT_UNKNOWN","case":"CASE_UNKNOWN","form":"FORM_UNKNOWN","gender":"GENDER_UNKNOWN","mood":"INDICATIVE","number":"SINGULAR","person":"THIRD","proper":"PROPER_UNKNOWN","reciprocity":"RECIPROCITY_UNKNOWN","tense":"PRESENT","voice":"VOICE_UNKNOWN"},"dependencyEdge":{"headTokenIndex":134,"label":"AUX"},"lemma":"have"},{"text":{"content":"previously","beginOffset":717},"partOfSpeech":{"tag":"ADV","aspect":"ASPECT_UNKNOWN","case":"CASE_UNKNOWN","form":"FORM_UNKNOWN","gender":"GENDER_UNKNOWN","mood":"MOOD_UNKNOWN","number":"NUMBER_UNKNOWN","person":"PERSON_UNKNOWN","proper":"PROPER_UNKNOWN","reciprocity":"RECIPROCITY_UNKNOWN","tense":"TENSE_UNKNOWN","voice":"VOICE_UNKNOWN"},"dependencyEdge":{"headTokenIndex":134,"label":"ADVMOD"},"lemma":"previously"},{"text":{"content":"said","beginOffset":728},"partOfSpeech":{"tag":"VERB","aspect":"ASPECT_UNKNOWN","case":"CASE_UNKNOWN","form":"FORM_UNKNOWN","gender":"GENDER_UNKNOWN","mood":"MOOD_UNKNOWN","number":"NUMBER_UNKNOWN","person":"PERSON_UNKNOWN","proper":"PROPER_UNKNOWN","reciprocity":"RECIPROCITY_UNKNOWN","tense":"PAST","voice":"VOICE_UNKNOWN"},"dependencyEdge":{"headTokenIndex":134,"label":"ROOT"},"lemma":"say"},{"text":{"content":"if","beginOffset":733},"partOfSpeech":{"tag":"ADP","aspect":"ASPECT_UNKNOWN","case":"CASE_UNKNOWN","form":"FORM_UNKNOWN","gender":"GENDER_UNKNOWN","mood":"MOOD_UNKNOWN","number":"NUMBER_UNKNOWN","person":"PERSON_UNKNOWN","proper":"PROPER_UNKNOWN","reciprocity":"RECIPROCITY_UNKNOWN","tense":"TENSE_UNKNOWN","voice":"VOICE_UNKNOWN"},"dependencyEdge":{"headTokenIndex":137,"label":"MARK"},"lemma":"if"},{"text":{"content":"he","beginOffset":736},"partOfSpeech":{"tag":"PRON","aspect":"ASPECT_UNKNOWN","case":"NOMINATIVE","form":"FORM_UNKNOWN","gender":"MASCULINE","mood":"MOOD_UNKNOWN","number":"SINGULAR","person":"THIRD","proper":"PROPER_UNKNOWN","reciprocity":"RECIPROCITY_UNKNOWN","tense":"TENSE_UNKNOWN","voice":"VOICE_UNKNOWN"},"dependencyEdge":{"headTokenIndex":137,"label":"NSUBJ"},"lemma":"he"},{"text":{"content":"is","beginOffset":739},"partOfSpeech":{"tag":"VERB","aspect":"ASPECT_UNKNOWN","case":"CASE_UNKNOWN","form":"FORM_UNKNOWN","gender":"GENDER_UNKNOWN","mood":"INDICATIVE","number":"SINGULAR","person":"THIRD","proper":"PROPER_UNKNOWN","reciprocity":"RECIPROCITY_UNKNOWN","tense":"PRESENT","voice":"VOICE_UNKNOWN"},"dependencyEdge":{"headTokenIndex":148,"label":"ADVCL"},"lemma":"be"},{"text":{"content":"to","beginOffset":742},"partOfSpeech":{"tag":"PRT","aspect":"ASPECT_UNKNOWN","case":"CASE_UNKNOWN","form":"FORM_UNKNOWN","gender":"GENDER_UNKNOWN","mood":"MOOD_UNKNOWN","number":"NUMBER_UNKNOWN","person":"PERSON_UNKNOWN","proper":"PROPER_UNKNOWN","reciprocity":"RECIPROCITY_UNKNOWN","tense":"TENSE_UNKNOWN","voice":"VOICE_UNKNOWN"},"dependencyEdge":{"headTokenIndex":139,"label":"AUX"},"lemma":"to"},{"text":{"content":"end","beginOffset":745},"partOfSpeech":{"tag":"VERB","aspect":"ASPECT_UNKNOWN","case":"CASE_UNKNOWN","form":"FORM_UNKNOWN","gender":"GENDER_UNKNOWN","mood":"MOOD_UNKNOWN","number":"NUMBER_UNKNOWN","person":"PERSON_UNKNOWN","proper":"PROPER_UNKNOWN","reciprocity":"RECIPROCITY_UNKNOWN","tense":"TENSE_UNKNOWN","voice":"VOICE_UNKNOWN"},"dependencyEdge":{"headTokenIndex":137,"label":"XCOMP"},"lemma":"end"},{"text":{"content":"his","beginOffset":749},"partOfSpeech":{"tag":"PRON","aspect":"ASPECT_UNKNOWN","case":"GENITIVE","form":"FORM_UNKNOWN","gender":"MASCULINE","mood":"MOOD_UNKNOWN","number":"SINGULAR","person":"THIRD","proper":"PROPER_UNKNOWN","reciprocity":"RECIPROCITY_UNKNOWN","tense":"TENSE_UNKNOWN","voice":"VOICE_UNKNOWN"},"dependencyEdge":{"headTokenIndex":144,"label":"POSS"},"lemma":"his"},{"text":{"content":"two","beginOffset":753},"partOfSpeech":{"tag":"NUM","aspect":"ASPECT_UNKNOWN","case":"CASE_UNKNOWN","form":"FORM_UNKNOWN","gender":"GENDER_UNKNOWN","mood":"MOOD_UNKNOWN","number":"NUMBER_UNKNOWN","person":"PERSON_UNKNOWN","proper":"PROPER_UNKNOWN","reciprocity":"RECIPROCITY_UNKNOWN","tense":"TENSE_UNKNOWN","voice":"VOICE_UNKNOWN"},"dependencyEdge":{"headTokenIndex":143,"label":"NUM"},"lemma":"two"},{"text":{"content":"-","beginOffset":756},"partOfSpeech":{"tag":"PUNCT","aspect":"ASPECT_UNKNOWN","case":"CASE_UNKNOWN","form":"FORM_UNKNOWN","gender":"GENDER_UNKNOWN","mood":"MOOD_UNKNOWN","number":"NUMBER_UNKNOWN","person":"PERSON_UNKNOWN","proper":"PROPER_UNKNOWN","reciprocity":"RECIPROCITY_UNKNOWN","tense":"TENSE_UNKNOWN","voice":"VOICE_UNKNOWN"},"dependencyEdge":{"headTokenIndex":143,"label":"P"},"lemma":"-"},{"text":{"content":"decade","beginOffset":757},"partOfSpeech":{"tag":"NOUN","aspect":"ASPECT_UNKNOWN","case":"CASE_UNKNOWN","form":"FORM_UNKNOWN","gender":"GENDER_UNKNOWN","mood":"MOOD_UNKNOWN","number":"SINGULAR","person":"PERSON_UNKNOWN","proper":"PROPER_UNKNOWN","reciprocity":"RECIPROCITY_UNKNOWN","tense":"TENSE_UNKNOWN","voice":"VOICE_UNKNOWN"},"dependencyEdge":{"headTokenIndex":144,"label":"NN"},"lemma":"decade"},{"text":{"content":"association","beginOffset":764},"partOfSpeech":{"tag":"NOUN","aspect":"ASPECT_UNKNOWN","case":"CASE_UNKNOWN","form":"FORM_UNKNOWN","gender":"GENDER_UNKNOWN","mood":"MOOD_UNKNOWN","number":"SINGULAR","person":"PERSON_UNKNOWN","proper":"PROPER_UNKNOWN","reciprocity":"RECIPROCITY_UNKNOWN","tense":"TENSE_UNKNOWN","voice":"VOICE_UNKNOWN"},"dependencyEdge":{"headTokenIndex":139,"label":"DOBJ"},"lemma":"association"},{"text":{"content":"with","beginOffset":776},"partOfSpeech":{"tag":"ADP","aspect":"ASPECT_UNKNOWN","case":"CASE_UNKNOWN","form":"FORM_UNKNOWN","gender":"GENDER_UNKNOWN","mood":"MOOD_UNKNOWN","number":"NUMBER_UNKNOWN","person":"PERSON_UNKNOWN","proper":"PROPER_UNKNOWN","reciprocity":"RECIPROCITY_UNKNOWN","tense":"TENSE_UNKNOWN","voice":"VOICE_UNKNOWN"},"dependencyEdge":{"headTokenIndex":144,"label":"PREP"},"lemma":"with"},{"text":{"content":"Arsenal","beginOffset":781},"partOfSpeech":{"tag":"NOUN","aspect":"ASPECT_UNKNOWN","case":"CASE_UNKNOWN","form":"FORM_UNKNOWN","gender":"GENDER_UNKNOWN","mood":"MOOD_UNKNOWN","number":"SINGULAR","person":"PERSON_UNKNOWN","proper":"PROPER","reciprocity":"RECIPROCITY_UNKNOWN","tense":"TENSE_UNKNOWN","voice":"VOICE_UNKNOWN"},"dependencyEdge":{"headTokenIndex":145,"label":"POBJ"},"lemma":"Arsenal"},{"text":{"content":"he","beginOffset":789},"partOfSpeech":{"tag":"PRON","aspect":"ASPECT_UNKNOWN","case":"NOMINATIVE","form":"FORM_UNKNOWN","gender":"MASCULINE","mood":"MOOD_UNKNOWN","number":"SINGULAR","person":"THIRD","proper":"PROPER_UNKNOWN","reciprocity":"RECIPROCITY_UNKNOWN","tense":"TENSE_UNKNOWN","voice":"VOICE_UNKNOWN"},"dependencyEdge":{"headTokenIndex":148,"label":"NSUBJ"},"lemma":"he"},{"text":{"content":"intends","beginOffset":792},"partOfSpeech":{"tag":"VERB","aspect":"ASPECT_UNKNOWN","case":"CASE_UNKNOWN","form":"FORM_UNKNOWN","gender":"GENDER_UNKNOWN","mood":"INDICATIVE","number":"SINGULAR","person":"THIRD","proper":"PROPER_UNKNOWN","reciprocity":"RECIPROCITY_UNKNOWN","tense":"PRESENT","voice":"VOICE_UNKNOWN"},"dependencyEdge":{"headTokenIndex":134,"label":"CCOMP"},"lemma":"intend"},{"text":{"content":"to","beginOffset":800},"partOfSpeech":{"tag":"PRT","aspect":"ASPECT_UNKNOWN","case":"CASE_UNKNOWN","form":"FORM_UNKNOWN","gender":"GENDER_UNKNOWN","mood":"MOOD_UNKNOWN","number":"NUMBER_UNKNOWN","person":"PERSON_UNKNOWN","proper":"PROPER_UNKNOWN","reciprocity":"RECIPROCITY_UNKNOWN","tense":"TENSE_UNKNOWN","voice":"VOICE_UNKNOWN"},"dependencyEdge":{"headTokenIndex":150,"label":"AUX"},"lemma":"to"},{"text":{"content":"manage","beginOffset":803},"partOfSpeech":{"tag":"VERB","aspect":"ASPECT_UNKNOWN","case":"CASE_UNKNOWN","form":"FORM_UNKNOWN","gender":"GENDER_UNKNOWN","mood":"MOOD_UNKNOWN","number":"NUMBER_UNKNOWN","person":"PERSON_UNKNOWN","proper":"PROPER_UNKNOWN","reciprocity":"RECIPROCITY_UNKNOWN","tense":"TENSE_UNKNOWN","voice":"VOICE_UNKNOWN"},"dependencyEdge":{"headTokenIndex":148,"label":"XCOMP"},"lemma":"manage"},{"text":{"content":"elsewhere","beginOffset":810},"partOfSpeech":{"tag":"ADV","aspect":"ASPECT_UNKNOWN","case":"CASE_UNKNOWN","form":"FORM_UNKNOWN","gender":"GENDER_UNKNOWN","mood":"MOOD_UNKNOWN","number":"NUMBER_UNKNOWN","person":"PERSON_UNKNOWN","proper":"PROPER_UNKNOWN","reciprocity":"RECIPROCITY_UNKNOWN","tense":"TENSE_UNKNOWN","voice":"VOICE_UNKNOWN"},"dependencyEdge":{"headTokenIndex":150,"label":"ADVMOD"},"lemma":"elsewhere"},{"text":{"content":",","beginOffset":819},"partOfSpeech":{"tag":"PUNCT","aspect":"ASPECT_UNKNOWN","case":"CASE_UNKNOWN","form":"FORM_UNKNOWN","gender":"GENDER_UNKNOWN","mood":"MOOD_UNKNOWN","number":"NUMBER_UNKNOWN","person":"PERSON_UNKNOWN","proper":"PROPER_UNKNOWN","reciprocity":"RECIPROCITY_UNKNOWN","tense":"TENSE_UNKNOWN","voice":"VOICE_UNKNOWN"},"dependencyEdge":{"headTokenIndex":150,"label":"P"},"lemma":","},{"text":{"content":"with","beginOffset":821},"partOfSpeech":{"tag":"ADP","aspect":"ASPECT_UNKNOWN","case":"CASE_UNKNOWN","form":"FORM_UNKNOWN","gender":"GENDER_UNKNOWN","mood":"MOOD_UNKNOWN","number":"NUMBER_UNKNOWN","person":"PERSON_UNKNOWN","proper":"PROPER_UNKNOWN","reciprocity":"RECIPROCITY_UNKNOWN","tense":"TENSE_UNKNOWN","voice":"VOICE_UNKNOWN"},"dependencyEdge":{"headTokenIndex":150,"label":"PREP"},"lemma":"with"},{"text":{"content":"PSG","beginOffset":826},"partOfSpeech":{"tag":"NOUN","aspect":"ASPECT_UNKNOWN","case":"CASE_UNKNOWN","form":"FORM_UNKNOWN","gender":"GENDER_UNKNOWN","mood":"MOOD_UNKNOWN","number":"SINGULAR","person":"PERSON_UNKNOWN","proper":"PROPER","reciprocity":"RECIPROCITY_UNKNOWN","tense":"TENSE_UNKNOWN","voice":"VOICE_UNKNOWN"},"dependencyEdge":{"headTokenIndex":153,"label":"POBJ"},"lemma":"PSG"},{"text":{"content":"the","beginOffset":830},"partOfSpeech":{"tag":"DET","aspect":"ASPECT_UNKNOWN","case":"CASE_UNKNOWN","form":"FORM_UNKNOWN","gender":"GENDER_UNKNOWN","mood":"MOOD_UNKNOWN","number":"NUMBER_UNKNOWN","person":"PERSON_UNKNOWN","proper":"PROPER_UNKNOWN","reciprocity":"RECIPROCITY_UNKNOWN","tense":"TENSE_UNKNOWN","voice":"VOICE_UNKNOWN"},"dependencyEdge":{"headTokenIndex":157,"label":"DET"},"lemma":"the"},{"text":{"content":"logical","beginOffset":834},"partOfSpeech":{"tag":"ADJ","aspect":"ASPECT_UNKNOWN","case":"CASE_UNKNOWN","form":"FORM_UNKNOWN","gender":"GENDER_UNKNOWN","mood":"MOOD_UNKNOWN","number":"NUMBER_UNKNOWN","person":"PERSON_UNKNOWN","proper":"PROPER_UNKNOWN","reciprocity":"RECIPROCITY_UNKNOWN","tense":"TENSE_UNKNOWN","voice":"VOICE_UNKNOWN"},"dependencyEdge":{"headTokenIndex":157,"label":"AMOD"},"lemma":"logical"},{"text":{"content":"move","beginOffset":842},"partOfSpeech":{"tag":"NOUN","aspect":"ASPECT_UNKNOWN","case":"CASE_UNKNOWN","form":"FORM_UNKNOWN","gender":"GENDER_UNKNOWN","mood":"MOOD_UNKNOWN","number":"SINGULAR","person":"PERSON_UNKNOWN","proper":"PROPER_UNKNOWN","reciprocity":"RECIPROCITY_UNKNOWN","tense":"TENSE_UNKNOWN","voice":"VOICE_UNKNOWN"},"dependencyEdge":{"headTokenIndex":150,"label":"DOBJ"},"lemma":"move"},{"text":{"content":"given","beginOffset":847},"partOfSpeech":{"tag":"VERB","aspect":"ASPECT_UNKNOWN","case":"CASE_UNKNOWN","form":"FORM_UNKNOWN","gender":"GENDER_UNKNOWN","mood":"MOOD_UNKNOWN","number":"NUMBER_UNKNOWN","person":"PERSON_UNKNOWN","proper":"PROPER_UNKNOWN","reciprocity":"RECIPROCITY_UNKNOWN","tense":"PAST","voice":"VOICE_UNKNOWN"},"dependencyEdge":{"headTokenIndex":157,"label":"PREP"},"lemma":"give"},{"text":{"content":"their","beginOffset":853},"partOfSpeech":{"tag":"PRON","aspect":"ASPECT_UNKNOWN","case":"GENITIVE","form":"FORM_UNKNOWN","gender":"GENDER_UNKNOWN","mood":"MOOD_UNKNOWN","number":"PLURAL","person":"THIRD","proper":"PROPER_UNKNOWN","reciprocity":"RECIPROCITY_UNKNOWN","tense":"TENSE_UNKNOWN","voice":"VOICE_UNKNOWN"},"dependencyEdge":{"headTokenIndex":160,"label":"POSS"},"lemma":"their"},{"text":{"content":"wealth","beginOffset":859},"partOfSpeech":{"tag":"NOUN","aspect":"ASPECT_UNKNOWN","case":"CASE_UNKNOWN","form":"FORM_UNKNOWN","gender":"GENDER_UNKNOWN","mood":"MOOD_UNKNOWN","number":"SINGULAR","person":"PERSON_UNKNOWN","proper":"PROPER_UNKNOWN","reciprocity":"RECIPROCITY_UNKNOWN","tense":"TENSE_UNKNOWN","voice":"VOICE_UNKNOWN"},"dependencyEdge":{"headTokenIndex":158,"label":"POBJ"},"lemma":"wealth"},{"text":{"content":"and","beginOffset":866},"partOfSpeech":{"tag":"CONJ","aspect":"ASPECT_UNKNOWN","case":"CASE_UNKNOWN","form":"FORM_UNKNOWN","gender":"GENDER_UNKNOWN","mood":"MOOD_UNKNOWN","number":"NUMBER_UNKNOWN","person":"PERSON_UNKNOWN","proper":"PROPER_UNKNOWN","reciprocity":"RECIPROCITY_UNKNOWN","tense":"TENSE_UNKNOWN","voice":"VOICE_UNKNOWN"},"dependencyEdge":{"headTokenIndex":160,"label":"CC"},"lemma":"and"},{"text":{"content":"the","beginOffset":870},"partOfSpeech":{"tag":"DET","aspect":"ASPECT_UNKNOWN","case":"CASE_UNKNOWN","form":"FORM_UNKNOWN","gender":"GENDER_UNKNOWN","mood":"MOOD_UNKNOWN","number":"NUMBER_UNKNOWN","person":"PERSON_UNKNOWN","proper":"PROPER_UNKNOWN","reciprocity":"RECIPROCITY_UNKNOWN","tense":"TENSE_UNKNOWN","voice":"VOICE_UNKNOWN"},"dependencyEdge":{"headTokenIndex":164,"label":"DET"},"lemma":"the"},{"text":{"content":"stuttering","beginOffset":874},"partOfSpeech":{"tag":"ADJ","aspect":"ASPECT_UNKNOWN","case":"CASE_UNKNOWN","form":"FORM_UNKNOWN","gender":"GENDER_UNKNOWN","mood":"MOOD_UNKNOWN","number":"NUMBER_UNKNOWN","person":"PERSON_UNKNOWN","proper":"PROPER_UNKNOWN","reciprocity":"RECIPROCITY_UNKNOWN","tense":"TENSE_UNKNOWN","voice":"VOICE_UNKNOWN"},"dependencyEdge":{"headTokenIndex":164,"label":"AMOD"},"lemma":"stuttering"},{"text":{"content":"form","beginOffset":885},"partOfSpeech":{"tag":"NOUN","aspect":"ASPECT_UNKNOWN","case":"CASE_UNKNOWN","form":"FORM_UNKNOWN","gender":"GENDER_UNKNOWN","mood":"MOOD_UNKNOWN","number":"SINGULAR","person":"PERSON_UNKNOWN","proper":"PROPER_UNKNOWN","reciprocity":"RECIPROCITY_UNKNOWN","tense":"TENSE_UNKNOWN","voice":"VOICE_UNKNOWN"},"dependencyEdge":{"headTokenIndex":160,"label":"CONJ"},"lemma":"form"},{"text":{"content":"under","beginOffset":890},"partOfSpeech":{"tag":"ADP","aspect":"ASPECT_UNKNOWN","case":"CASE_UNKNOWN","form":"FORM_UNKNOWN","gender":"GENDER_UNKNOWN","mood":"MOOD_UNKNOWN","number":"NUMBER_UNKNOWN","person":"PERSON_UNKNOWN","proper":"PROPER_UNKNOWN","reciprocity":"RECIPROCITY_UNKNOWN","tense":"TENSE_UNKNOWN","voice":"VOICE_UNKNOWN"},"dependencyEdge":{"headTokenIndex":164,"label":"PREP"},"lemma":"under"},{"text":{"content":"current","beginOffset":896},"partOfSpeech":{"tag":"ADJ","aspect":"ASPECT_UNKNOWN","case":"CASE_UNKNOWN","form":"FORM_UNKNOWN","gender":"GENDER_UNKNOWN","mood":"MOOD_UNKNOWN","number":"NUMBER_UNKNOWN","person":"PERSON_UNKNOWN","proper":"PROPER_UNKNOWN","reciprocity":"RECIPROCITY_UNKNOWN","tense":"TENSE_UNKNOWN","voice":"VOICE_UNKNOWN"},"dependencyEdge":{"headTokenIndex":167,"label":"AMOD"},"lemma":"current"},{"text":{"content":"coach","beginOffset":904},"partOfSpeech":{"tag":"NOUN","aspect":"ASPECT_UNKNOWN","case":"CASE_UNKNOWN","form":"FORM_UNKNOWN","gender":"GENDER_UNKNOWN","mood":"MOOD_UNKNOWN","number":"SINGULAR","person":"PERSON_UNKNOWN","proper":"PROPER_UNKNOWN","reciprocity":"RECIPROCITY_UNKNOWN","tense":"TENSE_UNKNOWN","voice":"VOICE_UNKNOWN"},"dependencyEdge":{"headTokenIndex":169,"label":"NN"},"lemma":"coach"},{"text":{"content":"Unai","beginOffset":910},"partOfSpeech":{"tag":"NOUN","aspect":"ASPECT_UNKNOWN","case":"CASE_UNKNOWN","form":"FORM_UNKNOWN","gender":"GENDER_UNKNOWN","mood":"MOOD_UNKNOWN","number":"SINGULAR","person":"PERSON_UNKNOWN","proper":"PROPER","reciprocity":"RECIPROCITY_UNKNOWN","tense":"TENSE_UNKNOWN","voice":"VOICE_UNKNOWN"},"dependencyEdge":{"headTokenIndex":169,"label":"NN"},"lemma":"Unai"},{"text":{"content":"Emery","beginOffset":915},"partOfSpeech":{"tag":"NOUN","aspect":"ASPECT_UNKNOWN","case":"CASE_UNKNOWN","form":"FORM_UNKNOWN","gender":"GENDER_UNKNOWN","mood":"MOOD_UNKNOWN","number":"SINGULAR","person":"PERSON_UNKNOWN","proper":"PROPER","reciprocity":"RECIPROCITY_UNKNOWN","tense":"TENSE_UNKNOWN","voice":"VOICE_UNKNOWN"},"dependencyEdge":{"headTokenIndex":165,"label":"POBJ"},"lemma":"Emery"},{"text":{"content":".","beginOffset":920},"partOfSpeech":{"tag":"PUNCT","aspect":"ASPECT_UNKNOWN","case":"CASE_UNKNOWN","form":"FORM_UNKNOWN","gender":"GENDER_UNKNOWN","mood":"MOOD_UNKNOWN","number":"NUMBER_UNKNOWN","person":"PERSON_UNKNOWN","proper":"PROPER_UNKNOWN","reciprocity":"RECIPROCITY_UNKNOWN","tense":"TENSE_UNKNOWN","voice":"VOICE_UNKNOWN"},"dependencyEdge":{"headTokenIndex":134,"label":"P"},"lemma":"."},{"text":{"content":"But","beginOffset":923},"partOfSpeech":{"tag":"CONJ","aspect":"ASPECT_UNKNOWN","case":"CASE_UNKNOWN","form":"FORM_UNKNOWN","gender":"GENDER_UNKNOWN","mood":"MOOD_UNKNOWN","number":"NUMBER_UNKNOWN","person":"PERSON_UNKNOWN","proper":"PROPER_UNKNOWN","reciprocity":"RECIPROCITY_UNKNOWN","tense":"TENSE_UNKNOWN","voice":"VOICE_UNKNOWN"},"dependencyEdge":{"headTokenIndex":178,"label":"CC"},"lemma":"But"},{"text":{"content":"67","beginOffset":927},"partOfSpeech":{"tag":"NUM","aspect":"ASPECT_UNKNOWN","case":"CASE_UNKNOWN","form":"FORM_UNKNOWN","gender":"GENDER_UNKNOWN","mood":"MOOD_UNKNOWN","number":"NUMBER_UNKNOWN","person":"PERSON_UNKNOWN","proper":"PROPER_UNKNOWN","reciprocity":"RECIPROCITY_UNKNOWN","tense":"TENSE_UNKNOWN","voice":"VOICE_UNKNOWN"},"dependencyEdge":{"headTokenIndex":174,"label":"NUM"},"lemma":"67"},{"text":{"content":"-","beginOffset":929},"partOfSpeech":{"tag":"PUNCT","aspect":"ASPECT_UNKNOWN","case":"CASE_UNKNOWN","form":"FORM_UNKNOWN","gender":"GENDER_UNKNOWN","mood":"MOOD_UNKNOWN","number":"NUMBER_UNKNOWN","person":"PERSON_UNKNOWN","proper":"PROPER_UNKNOWN","reciprocity":"RECIPROCITY_UNKNOWN","tense":"TENSE_UNKNOWN","voice":"VOICE_UNKNOWN"},"dependencyEdge":{"headTokenIndex":174,"label":"P"},"lemma":"-"},{"text":{"content":"year","beginOffset":930},"partOfSpeech":{"tag":"NOUN","aspect":"ASPECT_UNKNOWN","case":"CASE_UNKNOWN","form":"FORM_UNKNOWN","gender":"GENDER_UNKNOWN","mood":"MOOD_UNKNOWN","number":"SINGULAR","person":"PERSON_UNKNOWN","proper":"PROPER_UNKNOWN","reciprocity":"RECIPROCITY_UNKNOWN","tense":"TENSE_UNKNOWN","voice":"VOICE_UNKNOWN"},"dependencyEdge":{"headTokenIndex":176,"label":"TMOD"},"lemma":"year"},{"text":{"content":"-","beginOffset":934},"partOfSpeech":{"tag":"PUNCT","aspect":"ASPECT_UNKNOWN","case":"CASE_UNKNOWN","form":"FORM_UNKNOWN","gender":"GENDER_UNKNOWN","mood":"MOOD_UNKNOWN","number":"NUMBER_UNKNOWN","person":"PERSON_UNKNOWN","proper":"PROPER_UNKNOWN","reciprocity":"RECIPROCITY_UNKNOWN","tense":"TENSE_UNKNOWN","voice":"VOICE_UNKNOWN"},"dependencyEdge":{"headTokenIndex":176,"label":"P"},"lemma":"-"},{"text":{"content":"old","beginOffset":935},"partOfSpeech":{"tag":"ADJ","aspect":"ASPECT_UNKNOWN","case":"CASE_UNKNOWN","form":"FORM_UNKNOWN","gender":"GENDER_UNKNOWN","mood":"MOOD_UNKNOWN","number":"NUMBER_UNKNOWN","person":"PERSON_UNKNOWN","proper":"PROPER_UNKNOWN","reciprocity":"RECIPROCITY_UNKNOWN","tense":"TENSE_UNKNOWN","voice":"VOICE_UNKNOWN"},"dependencyEdge":{"headTokenIndex":177,"label":"AMOD"},"lemma":"old"},{"text":{"content":"Wenger","beginOffset":939},"partOfSpeech":{"tag":"NOUN","aspect":"ASPECT_UNKNOWN","case":"CASE_UNKNOWN","form":"FORM_UNKNOWN","gender":"GENDER_UNKNOWN","mood":"MOOD_UNKNOWN","number":"SINGULAR","person":"PERSON_UNKNOWN","proper":"PROPER","reciprocity":"RECIPROCITY_UNKNOWN","tense":"TENSE_UNKNOWN","voice":"VOICE_UNKNOWN"},"dependencyEdge":{"headTokenIndex":178,"label":"NSUBJ"},"lemma":"Wenger"},{"text":{"content":"insists","beginOffset":946},"partOfSpeech":{"tag":"VERB","aspect":"ASPECT_UNKNOWN","case":"CASE_UNKNOWN","form":"FORM_UNKNOWN","gender":"GENDER_UNKNOWN","mood":"INDICATIVE","number":"SINGULAR","person":"THIRD","proper":"PROPER_UNKNOWN","reciprocity":"RECIPROCITY_UNKNOWN","tense":"PRESENT","voice":"VOICE_UNKNOWN"},"dependencyEdge":{"headTokenIndex":178,"label":"ROOT"},"lemma":"insist"},{"text":{"content":"he","beginOffset":954},"partOfSpeech":{"tag":"PRON","aspect":"ASPECT_UNKNOWN","case":"NOMINATIVE","form":"FORM_UNKNOWN","gender":"MASCULINE","mood":"MOOD_UNKNOWN","number":"SINGULAR","person":"THIRD","proper":"PROPER_UNKNOWN","reciprocity":"RECIPROCITY_UNKNOWN","tense":"TENSE_UNKNOWN","voice":"VOICE_UNKNOWN"},"dependencyEdge":{"headTokenIndex":184,"label":"NSUBJPASS"},"lemma":"he"},{"text":{"content":"has","beginOffset":957},"partOfSpeech":{"tag":"VERB","aspect":"ASPECT_UNKNOWN","case":"CASE_UNKNOWN","form":"FORM_UNKNOWN","gender":"GENDER_UNKNOWN","mood":"INDICATIVE","number":"SINGULAR","person":"THIRD","proper":"PROPER_UNKNOWN","reciprocity":"RECIPROCITY_UNKNOWN","tense":"PRESENT","voice":"VOICE_UNKNOWN"},"dependencyEdge":{"headTokenIndex":184,"label":"AUX"},"lemma":"have"},{"text":{"content":"not","beginOffset":961},"partOfSpeech":{"tag":"ADV","aspect":"ASPECT_UNKNOWN","case":"CASE_UNKNOWN","form":"FORM_UNKNOWN","gender":"GENDER_UNKNOWN","mood":"MOOD_UNKNOWN","number":"NUMBER_UNKNOWN","person":"PERSON_UNKNOWN","proper":"PROPER_UNKNOWN","reciprocity":"RECIPROCITY_UNKNOWN","tense":"TENSE_UNKNOWN","voice":"VOICE_UNKNOWN"},"dependencyEdge":{"headTokenIndex":184,"label":"NEG"},"lemma":"not"},{"text":{"content":"already","beginOffset":965},"partOfSpeech":{"tag":"ADV","aspect":"ASPECT_UNKNOWN","case":"CASE_UNKNOWN","form":"FORM_UNKNOWN","gender":"GENDER_UNKNOWN","mood":"MOOD_UNKNOWN","number":"NUMBER_UNKNOWN","person":"PERSON_UNKNOWN","proper":"PROPER_UNKNOWN","reciprocity":"RECIPROCITY_UNKNOWN","tense":"TENSE_UNKNOWN","voice":"VOICE_UNKNOWN"},"dependencyEdge":{"headTokenIndex":184,"label":"ADVMOD"},"lemma":"already"},{"text":{"content":"been","beginOffset":973},"partOfSpeech":{"tag":"VERB","aspect":"ASPECT_UNKNOWN","case":"CASE_UNKNOWN","form":"FORM_UNKNOWN","gender":"GENDER_UNKNOWN","mood":"MOOD_UNKNOWN","number":"NUMBER_UNKNOWN","person":"PERSON_UNKNOWN","proper":"PROPER_UNKNOWN","reciprocity":"RECIPROCITY_UNKNOWN","tense":"PAST","voice":"VOICE_UNKNOWN"},"dependencyEdge":{"headTokenIndex":184,"label":"AUXPASS"},"lemma":"be"},{"text":{"content":"approached","beginOffset":978},"partOfSpeech":{"tag":"VERB","aspect":"ASPECT_UNKNOWN","case":"CASE_UNKNOWN","form":"FORM_UNKNOWN","gender":"GENDER_UNKNOWN","mood":"MOOD_UNKNOWN","number":"NUMBER_UNKNOWN","person":"PERSON_UNKNOWN","proper":"PROPER_UNKNOWN","reciprocity":"RECIPROCITY_UNKNOWN","tense":"PAST","voice":"PASSIVE"},"dependencyEdge":{"headTokenIndex":178,"label":"CCOMP"},"lemma":"approach"},{"text":{"content":"by","beginOffset":989},"partOfSpeech":{"tag":"ADP","aspect":"ASPECT_UNKNOWN","case":"CASE_UNKNOWN","form":"FORM_UNKNOWN","gender":"GENDER_UNKNOWN","mood":"MOOD_UNKNOWN","number":"NUMBER_UNKNOWN","person":"PERSON_UNKNOWN","proper":"PROPER_UNKNOWN","reciprocity":"RECIPROCITY_UNKNOWN","tense":"TENSE_UNKNOWN","voice":"VOICE_UNKNOWN"},"dependencyEdge":{"headTokenIndex":184,"label":"PREP"},"lemma":"by"},{"text":{"content":"the","beginOffset":992},"partOfSpeech":{"tag":"DET","aspect":"ASPECT_UNKNOWN","case":"CASE_UNKNOWN","form":"FORM_UNKNOWN","gender":"GENDER_UNKNOWN","mood":"MOOD_UNKNOWN","number":"NUMBER_UNKNOWN","person":"PERSON_UNKNOWN","proper":"PROPER_UNKNOWN","reciprocity":"RECIPROCITY_UNKNOWN","tense":"TENSE_UNKNOWN","voice":"VOICE_UNKNOWN"},"dependencyEdge":{"headTokenIndex":187,"label":"DET"},"lemma":"the"},{"text":{"content":"Parisians","beginOffset":996},"partOfSpeech":{"tag":"NOUN","aspect":"ASPECT_UNKNOWN","case":"CASE_UNKNOWN","form":"FORM_UNKNOWN","gender":"GENDER_UNKNOWN","mood":"MOOD_UNKNOWN","number":"PLURAL","person":"PERSON_UNKNOWN","proper":"PROPER","reciprocity":"RECIPROCITY_UNKNOWN","tense":"TENSE_UNKNOWN","voice":"VOICE_UNKNOWN"},"dependencyEdge":{"headTokenIndex":185,"label":"POBJ"},"lemma":"Parisians"},{"text":{"content":",","beginOffset":1005},"partOfSpeech":{"tag":"PUNCT","aspect":"ASPECT_UNKNOWN","case":"CASE_UNKNOWN","form":"FORM_UNKNOWN","gender":"GENDER_UNKNOWN","mood":"MOOD_UNKNOWN","number":"NUMBER_UNKNOWN","person":"PERSON_UNKNOWN","proper":"PROPER_UNKNOWN","reciprocity":"RECIPROCITY_UNKNOWN","tense":"TENSE_UNKNOWN","voice":"VOICE_UNKNOWN"},"dependencyEdge":{"headTokenIndex":187,"label":"P"},"lemma":","},{"text":{"content":"who","beginOffset":1007},"partOfSpeech":{"tag":"PRON","aspect":"ASPECT_UNKNOWN","case":"ACCUSATIVE","form":"FORM_UNKNOWN","gender":"GENDER_UNKNOWN","mood":"MOOD_UNKNOWN","number":"NUMBER_UNKNOWN","person":"THIRD","proper":"PROPER_UNKNOWN","reciprocity":"RECIPROCITY_UNKNOWN","tense":"TENSE_UNKNOWN","voice":"VOICE_UNKNOWN"},"dependencyEdge":{"headTokenIndex":190,"label":"NSUBJ"},"lemma":"who"},{"text":{"content":"were","beginOffset":1011},"partOfSpeech":{"tag":"VERB","aspect":"ASPECT_UNKNOWN","case":"CASE_UNKNOWN","form":"FORM_UNKNOWN","gender":"GENDER_UNKNOWN","mood":"INDICATIVE","number":"NUMBER_UNKNOWN","person":"PERSON_UNKNOWN","proper":"PROPER_UNKNOWN","reciprocity":"RECIPROCITY_UNKNOWN","tense":"PAST","voice":"VOICE_UNKNOWN"},"dependencyEdge":{"headTokenIndex":187,"label":"RCMOD"},"lemma":"be"},{"text":{"content":"in","beginOffset":1016},"partOfSpeech":{"tag":"ADP","aspect":"ASPECT_UNKNOWN","case":"CASE_UNKNOWN","form":"FORM_UNKNOWN","gender":"GENDER_UNKNOWN","mood":"MOOD_UNKNOWN","number":"NUMBER_UNKNOWN","person":"PERSON_UNKNOWN","proper":"PROPER_UNKNOWN","reciprocity":"RECIPROCITY_UNKNOWN","tense":"TENSE_UNKNOWN","voice":"VOICE_UNKNOWN"},"dependencyEdge":{"headTokenIndex":190,"label":"PREP"},"lemma":"in"},{"text":{"content":"Arsenal","beginOffset":1019},"partOfSpeech":{"tag":"NOUN","aspect":"ASPECT_UNKNOWN","case":"CASE_UNKNOWN","form":"FORM_UNKNOWN","gender":"GENDER_UNKNOWN","mood":"MOOD_UNKNOWN","number":"SINGULAR","person":"PERSON_UNKNOWN","proper":"PROPER","reciprocity":"RECIPROCITY_UNKNOWN","tense":"TENSE_UNKNOWN","voice":"VOICE_UNKNOWN"},"dependencyEdge":{"headTokenIndex":196,"label":"POSS"},"lemma":"Arsenal"},{"text":{"content":"'s","beginOffset":1026},"partOfSpeech":{"tag":"PRT","aspect":"ASPECT_UNKNOWN","case":"CASE_UNKNOWN","form":"FORM_UNKNOWN","gender":"GENDER_UNKNOWN","mood":"MOOD_UNKNOWN","number":"NUMBER_UNKNOWN","person":"PERSON_UNKNOWN","proper":"PROPER_UNKNOWN","reciprocity":"RECIPROCITY_UNKNOWN","tense":"TENSE_UNKNOWN","voice":"VOICE_UNKNOWN"},"dependencyEdge":{"headTokenIndex":192,"label":"PS"},"lemma":"'s"},{"text":{"content":"Champions","beginOffset":1029},"partOfSpeech":{"tag":"NOUN","aspect":"ASPECT_UNKNOWN","case":"CASE_UNKNOWN","form":"FORM_UNKNOWN","gender":"GENDER_UNKNOWN","mood":"MOOD_UNKNOWN","number":"SINGULAR","person":"PERSON_UNKNOWN","proper":"PROPER","reciprocity":"RECIPROCITY_UNKNOWN","tense":"TENSE_UNKNOWN","voice":"VOICE_UNKNOWN"},"dependencyEdge":{"headTokenIndex":195,"label":"TITLE"},"lemma":"Champions"},{"text":{"content":"League","beginOffset":1039},"partOfSpeech":{"tag":"NOUN","aspect":"ASPECT_UNKNOWN","case":"CASE_UNKNOWN","form":"FORM_UNKNOWN","gender":"GENDER_UNKNOWN","mood":"MOOD_UNKNOWN","number":"SINGULAR","person":"PERSON_UNKNOWN","proper":"PROPER","reciprocity":"RECIPROCITY_UNKNOWN","tense":"TENSE_UNKNOWN","voice":"VOICE_UNKNOWN"},"dependencyEdge":{"headTokenIndex":196,"label":"NN"},"lemma":"League"},{"text":{"content":"group","beginOffset":1046},"partOfSpeech":{"tag":"NOUN","aspect":"ASPECT_UNKNOWN","case":"CASE_UNKNOWN","form":"FORM_UNKNOWN","gender":"GENDER_UNKNOWN","mood":"MOOD_UNKNOWN","number":"SINGULAR","person":"PERSON_UNKNOWN","proper":"PROPER_UNKNOWN","reciprocity":"RECIPROCITY_UNKNOWN","tense":"TENSE_UNKNOWN","voice":"VOICE_UNKNOWN"},"dependencyEdge":{"headTokenIndex":191,"label":"POBJ"},"lemma":"group"},{"text":{"content":"this","beginOffset":1052},"partOfSpeech":{"tag":"DET","aspect":"ASPECT_UNKNOWN","case":"CASE_UNKNOWN","form":"FORM_UNKNOWN","gender":"GENDER_UNKNOWN","mood":"MOOD_UNKNOWN","number":"SINGULAR","person":"PERSON_UNKNOWN","proper":"PROPER_UNKNOWN","reciprocity":"RECIPROCITY_UNKNOWN","tense":"TENSE_UNKNOWN","voice":"VOICE_UNKNOWN"},"dependencyEdge":{"headTokenIndex":198,"label":"DET"},"lemma":"this"},{"text":{"content":"season","beginOffset":1057},"partOfSpeech":{"tag":"NOUN","aspect":"ASPECT_UNKNOWN","case":"CASE_UNKNOWN","form":"FORM_UNKNOWN","gender":"GENDER_UNKNOWN","mood":"MOOD_UNKNOWN","number":"SINGULAR","person":"PERSON_UNKNOWN","proper":"PROPER_UNKNOWN","reciprocity":"RECIPROCITY_UNKNOWN","tense":"TENSE_UNKNOWN","voice":"VOICE_UNKNOWN"},"dependencyEdge":{"headTokenIndex":190,"label":"TMOD"},"lemma":"season"},{"text":{"content":".","beginOffset":1063},"partOfSpeech":{"tag":"PUNCT","aspect":"ASPECT_UNKNOWN","case":"CASE_UNKNOWN","form":"FORM_UNKNOWN","gender":"GENDER_UNKNOWN","mood":"MOOD_UNKNOWN","number":"NUMBER_UNKNOWN","person":"PERSON_UNKNOWN","proper":"PROPER_UNKNOWN","reciprocity":"RECIPROCITY_UNKNOWN","tense":"TENSE_UNKNOWN","voice":"VOICE_UNKNOWN"},"dependencyEdge":{"headTokenIndex":178,"label":"P"},"lemma":"."}],"entities":[{"name":"Arsene Wenger","type":"PERSON","metadata":{"wikipedia_url":"http://en.wikipedia.org/wiki/Ars%C3%A8ne_Wenger","mid":"/m/01gjbw"},"salience":0.28522554,"mentions":[{"text":{"content":"Arsene Wenger","beginOffset":0},"type":"PROPER"},{"text":{"content":"Arsene Wenger","beginOffset":57},"type":"PROPER"},{"text":{"content":"Wenger","beginOffset":158},"type":"PROPER"},{"text":{"content":"Wenger","beginOffset":460},"type":"PROPER"},{"text":{"content":"Wenger","beginOffset":939},"type":"PROPER"}]},{"name":"Paris St Germain","type":"ORGANIZATION","metadata":{"mid":"/m/01_1kk","wikipedia_url":"http://en.wikipedia.org/wiki/Paris_Saint-Germain_F.C."},"salience":0.26684374,"mentions":[{"text":{"content":"Paris St Germain","beginOffset":21},"type":"PROPER"},{"text":{"content":"Paris St Germain","beginOffset":139},"type":"PROPER"},{"text":{"content":"PSG","beginOffset":826},"type":"PROPER"}]},{"name":"Arsenal","type":"ORGANIZATION","metadata":{"wikipedia_url":"http://en.wikipedia.org/wiki/Arsenal_F.C.","mid":"/m/0xbm"},"salience":0.16221593,"mentions":[{"text":{"content":"Arsenal","beginOffset":241},"type":"PROPER"},{"text":{"content":"Arsenal","beginOffset":365},"type":"PROPER"},{"text":{"content":"Arsenal","beginOffset":494},"type":"PROPER"},{"text":{"content":"Arsenal","beginOffset":781},"type":"PROPER"},{"text":{"content":"Arsenal","beginOffset":1019},"type":"PROPER"}]},{"name":"contract offer","type":"OTHER","metadata":{},"salience":0.04839082,"mentions":[{"text":{"content":"contract offer","beginOffset":38},"type":"COMMON"}]},{"name":"champions","type":"ORGANIZATION","metadata":{},"salience":0.024206636,"mentions":[{"text":{"content":"champions","beginOffset":129},"type":"COMMON"}]},{"name":"contract","type":"OTHER","metadata":{},"salience":0.022469379,"mentions":[{"text":{"content":"contract","beginOffset":109},"type":"COMMON"}]},{"name":"Frenchman","type":"PERSON","metadata":{"mid":"/m/0f8l9c","wikipedia_url":"http://en.wikipedia.org/wiki/France"},"salience":0.0147137,"mentions":[{"text":{"content":"Frenchman","beginOffset":703},"type":"PROPER"}]},{"name":"Ligue 1","type":"ORGANIZATION","metadata":{"mid":"/m/044hxl","wikipedia_url":"http://en.wikipedia.org/wiki/Ligue_1"},"salience":0.012976883,"mentions":[{"text":{"content":"Ligue 1","beginOffset":121},"type":"PROPER"}]},{"name":"contract","type":"OTHER","metadata":{},"salience":0.011110271,"mentions":[{"text":{"content":"contract","beginOffset":227},"type":"COMMON"}]},{"name":"Unai Emery","type":"PERSON","metadata":{"mid":"/m/03mh2qy","wikipedia_url":"http://en.wikipedia.org/wiki/Unai_Emery"},"salience":0.009283335,"mentions":[{"text":{"content":"Unai Emery","beginOffset":910},"type":"PROPER"},{"text":{"content":"coach","beginOffset":904},"type":"COMMON"}]},{"name":"mind","type":"OTHER","metadata":{},"salience":0.008919174,"mentions":[{"text":{"content":"mind","beginOffset":327},"type":"COMMON"}]},{"name":"world","type":"LOCATION","metadata":{},"salience":0.008696756,"mentions":[{"text":{"content":"world","beginOffset":190},"type":"COMMON"}]},{"name":"fourth","type":"WORK_OF_ART","metadata":{},"salience":0.0074735493,"mentions":[{"text":{"content":"fourth","beginOffset":375},"type":"COMMON"}]},{"name":"games","type":"EVENT","metadata":{},"salience":0.0070473044,"mentions":[{"text":{"content":"games","beginOffset":416},"type":"COMMON"}]},{"name":"West Brom","type":"ORGANIZATION","metadata":{"wikipedia_url":"http://en.wikipedia.org/wiki/West_Bromwich_Albion_F.C.","mid":"/m/085v7"},"salience":0.0064044218,"mentions":[{"text":{"content":"West Brom","beginOffset":293},"type":"PROPER"},{"text":{"content":"West Brom","beginOffset":591},"type":"PROPER"}]},{"name":"loss","type":"EVENT","metadata":{},"salience":0.0061827647,"mentions":[{"text":{"content":"loss","beginOffset":339},"type":"COMMON"}]},{"name":"protests","type":"EVENT","metadata":{},"salience":0.0061050765,"mentions":[{"text":{"content":"protests","beginOffset":520},"type":"COMMON"}]},{"name":"fan-base","type":"OTHER","metadata":{},"salience":0.0061050765,"mentions":[{"text":{"content":"fan-base","beginOffset":502},"type":"COMMON"}]},{"name":"table","type":"OTHER","metadata":{},"salience":0.0061050765,"mentions":[{"text":{"content":"table","beginOffset":452},"type":"COMMON"}]},{"name":"defeat","type":"EVENT","metadata":{},"salience":0.0058778026,"mentions":[{"text":{"content":"defeat","beginOffset":283},"type":"COMMON"}]},{"name":"game","type":"EVENT","metadata":{},"salience":0.0057566375,"mentions":[{"text":{"content":"game","beginOffset":601},"type":"COMMON"}]},{"name":"one","type":"OTHER","metadata":{},"salience":0.0057566375,"mentions":[{"text":{"content":"one","beginOffset":640},"type":"COMMON"}]},{"name":"one","type":"PERSON","metadata":{},"salience":0.0057566375,"mentions":[{"text":{"content":"one","beginOffset":659},"type":"COMMON"}]},{"name":"matches","type":"EVENT","metadata":{},"salience":0.0049865064,"mentions":[{"text":{"content":"matches","beginOffset":553},"type":"COMMON"}]},{"name":"planes","type":"OTHER","metadata":{},"salience":0.0049865064,"mentions":[{"text":{"content":"planes","beginOffset":569},"type":"COMMON"}]},{"name":"messages","type":"WORK_OF_ART","metadata":{},"salience":0.0049865064,"mentions":[{"text":{"content":"messages","beginOffset":627},"type":"COMMON"}]},{"name":"support","type":"OTHER","metadata":{},"salience":0.0049865064,"mentions":[{"text":{"content":"support","beginOffset":647},"type":"COMMON"}]},{"name":"Premier League","type":"ORGANIZATION","metadata":{"wikipedia_url":"http://en.wikipedia.org/wiki/Premier_League","mid":"/m/02_tc"},"salience":0.0043430096,"mentions":[{"text":{"content":"Premier League","beginOffset":401},"type":"PROPER"}]},{"name":"form","type":"OTHER","metadata":{},"salience":0.003727054,"mentions":[{"text":{"content":"form","beginOffset":885},"type":"COMMON"}]},{"name":"elsewhere","type":"LOCATION","metadata":{},"salience":0.003727054,"mentions":[{"text":{"content":"elsewhere","beginOffset":810},"type":"COMMON"}]},{"name":"move","type":"OTHER","metadata":{},"salience":0.003727054,"mentions":[{"text":{"content":"move","beginOffset":842},"type":"COMMON"}]},{"name":"wealth","type":"OTHER","metadata":{},"salience":0.003727054,"mentions":[{"text":{"content":"wealth","beginOffset":859},"type":"COMMON"}]},{"name":"Hawthorns","type":"ORGANIZATION","metadata":{"wikipedia_url":"http://en.wikipedia.org/wiki/Crataegus","mid":"/m/016x87"},"salience":0.0036214064,"mentions":[{"text":{"content":"Hawthorns","beginOffset":351},"type":"PROPER"}]},{"name":"group","type":"ORGANIZATION","metadata":{},"salience":0.0027155445,"mentions":[{"text":{"content":"group","beginOffset":1046},"type":"COMMON"}]},{"name":"season","type":"EVENT","metadata":{},"salience":0.0027155445,"mentions":[{"text":{"content":"season","beginOffset":1057},"type":"COMMON"}]},{"name":"Parisians","type":"PERSON","metadata":{"mid":"/m/05qtj","wikipedia_url":"http://en.wikipedia.org/wiki/Paris"},"salience":0.0021382596,"mentions":[{"text":{"content":"Parisians","beginOffset":996},"type":"PROPER"}]},{"name":"association","type":"OTHER","metadata":{},"salience":0.0020290443,"mentions":[{"text":{"content":"association","beginOffset":764},"type":"COMMON"}]},{"name":"deal","type":"OTHER","metadata":{},"salience":0.0020290443,"mentions":[{"text":{"content":"deal","beginOffset":679},"type":"COMMON"}]},{"name":"Champions League","type":"ORGANIZATION","metadata":{"wikipedia_url":"http://en.wikipedia.org/wiki/UEFA_Champions_League","mid":"/m/0c1q0"},"salience":0.0019307532,"mentions":[{"text":{"content":"Champions League","beginOffset":1029},"type":"PROPER"}]}],"documentSentiment":{"magnitude":1.9,"score":0},"language":"en"}